item_id,category,stock_level,reorder_point,reorder_frequency_days,lead_time_days,daily_demand,demand_std_dev,item_popularity_score,storage_location_id
ITM10000,Pharma,283,21,4,4,49.85,1.56,0.43,L82
ITM10001,Automotive,301,52,9,6,23.34,2.55,0.69,L15
ITM10002,Groceries,132,60,11,8,37.69,3.15,0.62,L4
ITM10003,Automotive,346,46,13,5,33.69,2.79,0.21,L95
ITM10004,Automotive,49,55,4,6,49.58,5.23,0.31,L36
ITM10005,Apparel,154,62,9,6,35.95,9.47,0.41,L32
ITM10006,Groceries,86,97,6,4,9.04,4.72,0.28,L29
ITM10007,Groceries,84,89,13,4,47.82,6.78,0.24,L18
ITM10008,Groceries,311,22,4,9,33.72,7.04,0.15,L95
ITM10009,Automotive,44,98,9,8,3.91,8.78,0.89,L14
ITM10010,Pharma,56,63,7,2,33.22,0.82,0.36,L87
ITM10011,Groceries,20,66,3,7,44.27,4.34,0.36,L95
ITM10012,Automotive,418,13,7,3,29.28,7.95,0.29,L70
ITM10013,Apparel,56,84,14,5,18.35,8.24,0.53,L12
ITM10014,Pharma,160,58,14,4,41.22,9.31,0.56,L76
ITM10015,Apparel,251,16,5,5,39.34,7.18,0.29,L55
ITM10016,Pharma,155,20,9,7,27.66,2.83,0.65,L5
ITM10017,Automotive,408,63,8,7,8.56,5.3,0.75,L4
ITM10018,Electronics,207,96,10,8,13.3,0.81,0.44,L12
ITM10019,Pharma,147,54,7,6,37.19,6.65,0.63,L28
ITM10020,Apparel,220,32,4,8,40.5,5.77,0.55,L30
ITM10021,Automotive,146,37,11,3,14.68,6.83,0.28,L65
ITM10022,Pharma,276,66,13,2,19.03,9.34,0.76,L78
ITM10023,Electronics,183,35,10,5,4.8,7.03,0.82,L4
ITM10024,Electronics,54,34,8,3,35.96,3.54,0.68,L72
ITM10025,Groceries,213,63,12,9,1.18,2.39,0.39,L26
ITM10026,Groceries,210,38,9,2,3.28,8.62,0.93,L92
ITM10027,Apparel,123,92,11,5,1.21,2.35,0.51,L84
ITM10028,Pharma,42,45,9,3,32.62,2.04,0.34,L90
ITM10029,Pharma,284,23,5,4,21.45,2.46,0.47,L70
ITM10030,Groceries,309,87,8,5,15.58,5.33,0.72,L54
ITM10031,Pharma,449,44,13,3,45.72,1.68,0.86,L29
ITM10032,Pharma,481,39,13,7,10.45,9.41,0.42,L58
ITM10033,Electronics,403,26,9,2,20.08,9.68,0.31,L76
ITM10034,Groceries,279,76,4,3,47.08,9.75,0.66,L36
ITM10035,Automotive,433,89,5,4,21.93,0.87,0.93,L1
ITM10036,Groceries,498,39,6,8,28.18,9.49,0.26,L98
ITM10037,Automotive,377,54,12,5,4.94,9.98,0.82,L21
ITM10038,Electronics,94,88,8,9,39.72,9.45,0.53,L90
ITM10039,Apparel,374,98,3,5,21.72,6.87,0.82,L55
ITM10040,Pharma,91,60,11,5,40.23,7.16,0.55,L44
ITM10041,Electronics,278,56,7,4,13.44,1.66,0.44,L36
ITM10042,Pharma,417,62,14,2,21.7,8.81,0.73,L20
ITM10043,Apparel,207,73,9,5,39.54,1.07,0.91,L28
ITM10044,Apparel,480,47,11,2,48.72,3.52,0.39,L98
ITM10045,Electronics,192,73,11,3,3.92,9.92,0.51,L44
ITM10046,Apparel,499,96,3,7,40.81,4.51,0.31,L14
ITM10047,Automotive,309,98,3,9,15.73,1.75,0.27,L12
ITM10048,Apparel,64,16,5,7,27.99,9.71,0.8,L49
ITM10049,Pharma,80,31,8,2,15.21,9.85,0.28,L13
ITM10050,Pharma,102,90,4,2,31.06,2.28,0.81,L46
ITM10051,Pharma,142,91,12,7,18.34,8.72,0.49,L45
ITM10052,Pharma,377,50,14,5,17.35,4.21,1.0,L78
ITM10053,Automotive,35,83,13,6,2.86,4.12,0.28,L34
ITM10054,Groceries,85,19,3,6,8.2,3.0,0.18,L6
ITM10055,Electronics,443,66,3,4,45.94,0.92,0.17,L94
ITM10056,Pharma,164,16,7,9,49.92,3.05,0.85,L59
ITM10057,Apparel,394,59,6,8,39.25,1.01,0.49,L69
ITM10058,Pharma,181,61,3,7,15.05,9.28,0.1,L16
ITM10059,Apparel,253,42,6,7,20.72,6.79,0.89,L49
ITM10060,Apparel,399,10,5,4,37.24,8.92,0.89,L11
ITM10061,Pharma,163,62,4,9,48.46,7.31,0.83,L71
ITM10062,Automotive,377,69,11,6,23.32,1.75,0.32,L38
ITM10063,Apparel,207,43,13,3,41.65,9.44,0.44,L81
ITM10064,Apparel,341,13,3,5,48.78,9.05,0.77,L80
ITM10065,Pharma,469,26,9,5,43.8,3.81,0.54,L47
ITM10066,Apparel,493,13,6,3,12.13,1.56,0.24,L74
ITM10067,Apparel,32,52,7,3,1.39,7.19,0.32,L25
ITM10068,Pharma,203,99,12,9,25.11,7.42,0.98,L91
ITM10069,Pharma,130,13,7,6,27.04,9.02,0.24,L9
ITM10070,Electronics,434,10,3,4,10.86,1.0,0.75,L6
ITM10071,Automotive,309,80,8,3,14.95,1.85,0.53,L85
ITM10072,Automotive,314,59,11,4,38.49,6.18,0.77,L30
ITM10073,Apparel,470,82,4,9,24.05,6.38,0.7,L99
ITM10074,Automotive,411,70,9,8,16.55,0.82,0.5,L38
ITM10075,Apparel,234,44,8,2,31.51,4.27,0.42,L11
ITM10076,Electronics,481,17,7,5,32.99,6.05,0.78,L30
ITM10077,Pharma,139,33,6,6,38.7,7.51,0.39,L13
ITM10078,Pharma,401,92,6,5,8.68,3.5,0.81,L49
ITM10079,Pharma,74,45,8,6,37.33,5.1,0.71,L36
ITM10080,Automotive,46,59,6,9,30.37,8.23,0.62,L59
ITM10081,Electronics,137,52,7,2,3.82,9.56,0.43,L82
ITM10082,Automotive,240,36,8,5,39.09,2.69,0.28,L47
ITM10083,Automotive,250,41,7,2,19.77,2.9,0.74,L21
ITM10084,Electronics,72,87,9,9,17.19,9.43,0.18,L48
ITM10085,Electronics,314,27,11,6,22.96,4.26,0.97,L46
ITM10086,Electronics,340,37,12,3,17.96,7.32,0.98,L27
ITM10087,Electronics,420,38,9,8,17.58,6.32,0.22,L86
ITM10088,Pharma,252,25,9,5,40.6,3.21,0.19,L35
ITM10089,Groceries,177,56,6,2,7.1,6.71,0.47,L90
ITM10090,Groceries,456,68,3,7,48.56,6.73,0.97,L88
ITM10091,Electronics,288,40,10,5,28.19,6.13,0.46,L83
ITM10092,Groceries,40,13,6,5,9.96,1.45,0.43,L10
ITM10093,Groceries,422,46,3,5,7.43,9.95,0.73,L78
ITM10094,Electronics,72,26,7,4,29.98,4.3,0.26,L82
ITM10095,Groceries,294,48,10,2,32.02,6.56,0.43,L22
ITM10096,Automotive,332,57,6,2,3.6,8.91,0.36,L69
ITM10097,Apparel,300,55,14,5,12.91,4.52,0.64,L94
ITM10098,Apparel,233,99,10,9,39.98,7.85,0.25,L32
ITM10099,Electronics,50,57,10,9,3.43,9.73,0.59,L21
ITM10100,Pharma,356,48,5,3,42.9,3.91,0.87,L60
ITM10101,Electronics,202,13,11,5,33.25,4.35,0.56,L49
ITM10102,Pharma,42,39,5,4,22.29,9.1,0.72,L35
ITM10103,Apparel,51,39,3,6,17.98,2.02,0.17,L82
ITM10104,Electronics,465,31,4,4,1.94,0.77,0.5,L89
ITM10105,Automotive,93,84,8,9,41.44,9.13,0.19,L72
ITM10106,Groceries,29,75,14,3,7.99,8.31,0.64,L29
ITM10107,Pharma,475,21,12,9,16.17,9.74,0.35,L88
ITM10108,Groceries,73,45,4,9,28.89,1.05,0.36,L42
ITM10109,Groceries,71,27,8,9,13.05,1.98,0.17,L99
ITM10110,Electronics,167,99,3,5,25.36,1.5,0.38,L100
ITM10111,Groceries,179,62,13,9,40.66,6.99,0.56,L8
ITM10112,Automotive,389,80,3,2,24.06,6.26,0.63,L30
ITM10113,Groceries,33,10,7,8,47.5,3.91,0.16,L5
ITM10114,Electronics,197,67,12,7,42.53,1.05,0.69,L41
ITM10115,Automotive,431,99,13,5,17.32,6.58,0.54,L52
ITM10116,Apparel,385,96,11,3,20.6,5.92,0.58,L35
ITM10117,Groceries,72,99,10,2,21.74,1.57,0.85,L9
ITM10118,Electronics,427,15,5,4,31.68,9.13,0.41,L28
ITM10119,Apparel,354,79,5,9,15.05,2.39,0.26,L73
ITM10120,Apparel,41,53,3,6,48.49,7.56,0.6,L92
ITM10121,Pharma,49,81,5,6,30.83,8.91,0.95,L41
ITM10122,Automotive,210,33,14,8,20.57,6.01,0.57,L28
ITM10123,Groceries,279,95,14,5,32.61,2.85,0.85,L84
ITM10124,Electronics,224,28,14,4,20.37,3.44,0.78,L64
ITM10125,Pharma,78,27,13,8,41.07,8.91,0.57,L51
ITM10126,Automotive,490,39,3,7,28.82,3.33,0.68,L83
ITM10127,Pharma,283,51,10,7,3.06,7.59,0.47,L59
ITM10128,Automotive,485,42,3,8,9.66,9.91,0.58,L19
ITM10129,Automotive,31,83,7,3,43.38,10.0,0.56,L34
ITM10130,Groceries,138,21,11,6,28.58,5.57,0.74,L18
ITM10131,Automotive,434,36,9,4,47.57,8.35,0.47,L32
ITM10132,Pharma,481,48,6,5,4.55,9.91,0.19,L96
ITM10133,Automotive,309,18,13,9,15.47,4.06,0.81,L72
ITM10134,Groceries,357,30,11,2,10.48,2.9,0.72,L69
ITM10135,Groceries,267,85,11,5,28.14,1.59,0.96,L34
ITM10136,Pharma,373,38,4,5,19.76,1.84,0.49,L96
ITM10137,Apparel,146,42,12,4,8.71,8.61,0.17,L75
ITM10138,Apparel,94,71,12,6,32.49,6.09,0.21,L55
ITM10139,Automotive,380,24,13,4,27.28,8.8,0.8,L75
ITM10140,Electronics,223,11,14,2,14.46,8.0,0.16,L52
ITM10141,Automotive,68,61,8,8,24.51,6.9,0.92,L47
ITM10142,Pharma,98,53,6,4,37.54,6.29,0.35,L29
ITM10143,Pharma,460,63,10,3,11.06,0.96,0.91,L18
ITM10144,Pharma,498,27,14,5,15.35,8.79,0.8,L66
ITM10145,Pharma,260,12,13,6,17.96,4.47,0.88,L64
ITM10146,Pharma,368,16,9,9,37.59,5.82,0.29,L12
ITM10147,Groceries,173,52,9,7,42.5,0.71,0.64,L97
ITM10148,Apparel,293,91,13,2,19.44,9.39,0.18,L7
ITM10149,Pharma,115,47,12,7,15.53,9.08,0.28,L15
ITM10150,Electronics,233,46,11,5,44.58,5.66,0.38,L20
ITM10151,Electronics,313,67,7,4,49.97,5.98,0.77,L81
ITM10152,Electronics,228,42,8,7,33.85,7.2,0.12,L21
ITM10153,Electronics,362,68,3,3,49.51,3.01,0.91,L88
ITM10154,Groceries,107,20,8,4,33.34,2.61,0.16,L55
ITM10155,Electronics,325,77,4,5,36.94,6.9,0.44,L77
ITM10156,Pharma,283,91,8,7,20.04,1.49,0.17,L9
ITM10157,Automotive,444,77,11,9,22.22,4.81,0.79,L50
ITM10158,Electronics,409,97,10,8,8.06,5.18,0.23,L49
ITM10159,Groceries,344,31,11,2,41.31,4.12,0.9,L77
ITM10160,Groceries,447,75,12,7,46.62,2.26,0.58,L60
ITM10161,Electronics,396,53,10,9,31.55,3.88,0.95,L68
ITM10162,Automotive,339,15,5,8,17.84,3.71,0.36,L33
ITM10163,Electronics,176,51,10,8,8.55,5.24,0.51,L71
ITM10164,Groceries,175,34,8,7,13.99,6.91,0.72,L2
ITM10165,Apparel,158,66,8,6,13.52,9.7,0.85,L88
ITM10166,Pharma,140,94,8,7,31.06,1.87,0.48,L93
ITM10167,Groceries,84,64,5,5,47.31,8.79,0.9,L15
ITM10168,Electronics,126,25,12,8,3.37,3.2,0.21,L88
ITM10169,Pharma,166,23,3,2,1.05,6.12,0.74,L69
ITM10170,Electronics,156,48,14,5,30.41,5.69,0.41,L97
ITM10171,Electronics,430,37,6,3,14.92,5.79,0.19,L35
ITM10172,Apparel,181,60,12,4,44.15,7.37,0.45,L99
ITM10173,Pharma,447,58,14,7,17.04,4.13,0.89,L83
ITM10174,Pharma,471,18,8,6,15.2,3.53,0.98,L44
ITM10175,Apparel,119,67,13,2,14.21,8.6,0.45,L15
ITM10176,Groceries,357,54,14,6,8.1,2.59,0.9,L38
ITM10177,Electronics,418,31,12,6,29.49,2.21,0.56,L56
ITM10178,Automotive,326,41,4,6,9.24,0.65,0.75,L21
ITM10179,Electronics,160,78,9,7,21.81,2.5,0.14,L59
ITM10180,Electronics,102,96,9,2,23.59,5.43,0.6,L1
ITM10181,Groceries,196,78,13,2,2.0,5.62,0.16,L93
ITM10182,Electronics,217,51,6,8,1.82,2.92,0.34,L93
ITM10183,Apparel,131,62,6,6,26.49,1.19,0.61,L34
ITM10184,Apparel,75,68,3,8,35.11,7.57,0.83,L65
ITM10185,Pharma,479,83,4,8,47.16,7.7,0.6,L98
ITM10186,Automotive,198,48,11,4,9.78,9.98,0.94,L23
ITM10187,Electronics,440,24,12,7,6.06,9.05,0.83,L65
ITM10188,Electronics,420,80,10,7,3.55,9.3,0.24,L14
ITM10189,Groceries,205,38,10,5,22.37,8.08,0.45,L81
ITM10190,Apparel,490,12,11,9,31.53,6.35,0.7,L39
ITM10191,Automotive,237,92,9,8,42.19,1.72,0.94,L82
ITM10192,Pharma,432,19,11,7,34.45,6.41,0.99,L65
ITM10193,Apparel,436,38,12,6,11.21,1.03,0.79,L78
ITM10194,Pharma,335,88,14,9,23.63,8.91,0.62,L26
ITM10195,Groceries,494,44,4,3,45.61,5.08,0.78,L20
ITM10196,Groceries,236,15,8,6,17.01,7.13,0.35,L48
ITM10197,Electronics,139,21,5,2,25.44,1.0,0.36,L98
ITM10198,Automotive,458,47,13,7,47.97,5.58,0.69,L21
ITM10199,Pharma,413,86,8,9,37.0,3.36,0.88,L70
ITM10200,Apparel,194,28,5,7,37.64,3.21,0.97,L100
ITM10201,Groceries,42,76,10,5,13.36,4.2,0.41,L68
ITM10202,Electronics,232,17,13,8,21.32,0.51,0.82,L1
ITM10203,Electronics,424,17,6,3,5.03,4.93,0.87,L77
ITM10204,Pharma,254,93,14,7,30.72,5.12,0.66,L42
ITM10205,Groceries,32,56,12,5,6.08,8.7,0.41,L63
ITM10206,Automotive,120,13,8,5,41.96,4.76,0.66,L3
ITM10207,Groceries,436,60,11,3,40.91,3.95,0.63,L15
ITM10208,Pharma,43,94,4,6,27.15,9.95,0.65,L47
ITM10209,Pharma,383,76,4,6,7.92,5.93,0.66,L40
ITM10210,Groceries,30,54,9,6,2.25,4.99,0.86,L31
ITM10211,Pharma,292,17,4,4,40.04,5.21,0.25,L8
ITM10212,Groceries,471,96,4,8,30.41,8.19,0.43,L31
ITM10213,Apparel,450,25,6,9,35.84,3.74,0.63,L73
ITM10214,Groceries,300,86,11,8,15.89,4.2,0.35,L11
ITM10215,Groceries,113,76,10,6,25.96,7.68,0.98,L11
ITM10216,Pharma,220,18,4,3,37.61,1.19,0.34,L94
ITM10217,Pharma,40,69,10,4,23.67,8.72,0.52,L63
ITM10218,Electronics,359,87,6,8,30.47,4.59,0.89,L9
ITM10219,Electronics,486,86,4,6,39.7,6.02,0.17,L98
ITM10220,Apparel,230,80,13,4,11.55,7.7,0.84,L69
ITM10221,Electronics,159,24,12,9,4.23,3.03,0.61,L99
ITM10222,Groceries,312,80,9,3,27.06,8.96,0.13,L17
ITM10223,Pharma,317,50,8,6,4.04,9.8,0.91,L17
ITM10224,Electronics,420,31,12,9,38.56,5.2,0.14,L85
ITM10225,Electronics,120,33,7,2,36.24,9.4,0.56,L61
ITM10226,Apparel,323,53,13,9,44.2,0.51,0.14,L71
ITM10227,Apparel,378,10,3,7,32.34,9.0,0.16,L22
ITM10228,Groceries,47,19,4,3,4.29,3.45,0.9,L34
ITM10229,Pharma,60,89,10,9,13.4,3.46,0.79,L68
ITM10230,Apparel,374,81,3,9,40.59,2.67,0.28,L78
ITM10231,Electronics,322,65,5,5,9.19,3.51,0.66,L55
ITM10232,Pharma,165,98,4,5,35.23,2.53,0.82,L28
ITM10233,Pharma,275,59,7,9,39.23,9.11,0.9,L70
ITM10234,Electronics,481,21,6,9,17.18,9.04,0.52,L97
ITM10235,Apparel,246,98,9,3,16.79,1.47,0.91,L94
ITM10236,Electronics,255,90,7,5,28.33,1.86,0.56,L89
ITM10237,Pharma,380,69,10,8,43.2,8.69,0.72,L26
ITM10238,Automotive,399,35,6,3,11.97,4.29,0.98,L92
ITM10239,Automotive,474,87,14,2,47.12,2.11,0.31,L40
ITM10240,Groceries,32,50,8,3,30.36,5.35,0.25,L52
ITM10241,Electronics,229,45,6,6,49.61,4.46,0.41,L86
ITM10242,Electronics,248,32,4,6,5.39,2.58,0.25,L84
ITM10243,Groceries,416,52,3,4,7.2,7.35,0.36,L48
ITM10244,Groceries,119,15,3,5,41.51,6.5,0.77,L57
ITM10245,Groceries,50,78,10,9,43.37,1.45,0.53,L67
ITM10246,Pharma,405,52,6,7,22.83,9.29,0.44,L58
ITM10247,Electronics,35,34,7,5,35.99,5.81,0.43,L16
ITM10248,Pharma,156,27,13,8,43.51,2.88,0.28,L32
ITM10249,Groceries,348,71,10,3,3.11,2.46,0.5,L29
ITM10250,Electronics,185,22,14,7,29.12,1.79,0.66,L9
ITM10251,Pharma,478,52,9,7,42.82,4.53,0.23,L44
ITM10252,Pharma,329,87,10,9,20.51,1.79,0.98,L3
ITM10253,Groceries,459,37,10,9,15.82,4.45,0.5,L76
ITM10254,Electronics,489,27,8,5,39.99,1.91,0.95,L71
ITM10255,Groceries,119,68,12,7,17.45,6.74,0.22,L30
ITM10256,Electronics,128,69,4,7,1.16,7.96,0.79,L76
ITM10257,Automotive,362,72,8,6,48.02,5.72,0.66,L29
ITM10258,Apparel,192,66,3,2,30.01,6.96,0.84,L1
ITM10259,Apparel,256,60,3,9,41.16,9.41,0.64,L10
ITM10260,Apparel,181,65,13,3,41.44,6.56,0.97,L91
ITM10261,Groceries,412,36,5,5,4.25,3.96,0.66,L81
ITM10262,Automotive,235,41,5,9,9.37,4.77,0.81,L8
ITM10263,Electronics,283,18,13,6,16.24,8.67,0.89,L30
ITM10264,Pharma,282,93,7,8,16.71,1.74,0.74,L9
ITM10265,Electronics,311,77,3,9,33.28,3.59,0.57,L5
ITM10266,Pharma,293,55,12,8,31.53,5.98,0.35,L43
ITM10267,Electronics,22,76,8,4,25.23,6.93,0.87,L10
ITM10268,Automotive,47,35,9,7,11.35,7.75,0.53,L66
ITM10269,Pharma,345,17,12,7,19.72,3.52,0.66,L31
ITM10270,Groceries,447,15,14,5,27.64,1.89,0.17,L36
ITM10271,Electronics,168,89,13,2,23.93,9.57,0.55,L86
ITM10272,Electronics,47,33,5,2,7.24,1.23,0.73,L63
ITM10273,Pharma,329,57,6,5,32.83,1.41,0.63,L28
ITM10274,Groceries,457,54,12,5,4.58,5.2,0.5,L70
ITM10275,Groceries,84,22,13,6,19.53,8.28,0.3,L17
ITM10276,Automotive,375,78,12,8,35.79,7.86,0.38,L93
ITM10277,Groceries,40,34,14,5,1.98,9.41,0.73,L74
ITM10278,Groceries,271,29,12,8,28.93,1.85,0.3,L74
ITM10279,Groceries,254,91,12,9,17.39,4.07,0.66,L61
ITM10280,Apparel,246,91,12,9,1.43,3.18,0.63,L32
ITM10281,Automotive,32,75,5,4,10.33,8.68,0.97,L61
ITM10282,Electronics,332,83,3,8,47.11,5.14,0.15,L53
ITM10283,Pharma,68,54,10,6,26.54,0.76,0.2,L25
ITM10284,Electronics,137,56,12,9,49.86,7.23,0.56,L13
ITM10285,Automotive,73,72,12,7,26.72,4.19,0.57,L13
ITM10286,Pharma,157,85,4,7,27.65,5.55,0.14,L85
ITM10287,Automotive,72,86,3,9,20.2,8.99,0.84,L56
ITM10288,Groceries,63,64,10,9,16.19,2.94,0.55,L46
ITM10289,Pharma,322,84,9,9,13.33,2.78,0.41,L55
ITM10290,Groceries,72,28,9,8,17.83,3.0,0.39,L53
ITM10291,Electronics,93,44,6,7,23.53,3.71,0.88,L60
ITM10292,Electronics,65,62,13,7,10.41,1.52,0.28,L94
ITM10293,Pharma,32,35,11,3,12.02,7.12,0.24,L7
ITM10294,Pharma,184,23,8,9,14.31,2.47,0.29,L87
ITM10295,Automotive,121,54,4,4,23.01,9.3,0.66,L84
ITM10296,Automotive,299,53,3,9,32.99,2.55,0.83,L83
ITM10297,Groceries,277,97,3,6,42.95,2.93,0.4,L13
ITM10298,Pharma,489,74,11,6,15.07,3.32,0.26,L8
ITM10299,Electronics,356,60,6,7,10.0,7.8,0.29,L52
ITM10300,Automotive,375,52,7,9,19.56,4.56,0.66,L94
ITM10301,Automotive,417,95,5,2,44.82,8.28,0.32,L44
ITM10302,Electronics,157,32,6,6,1.48,7.96,0.89,L14
ITM10303,Automotive,182,65,14,9,34.22,9.33,0.19,L32
ITM10304,Groceries,428,28,10,4,24.38,7.69,0.13,L25
ITM10305,Pharma,406,91,6,5,8.89,0.99,0.18,L25
ITM10306,Electronics,130,85,11,9,16.73,8.45,0.86,L69
ITM10307,Pharma,121,64,11,4,12.02,9.41,0.69,L58
ITM10308,Automotive,36,69,8,7,44.01,9.94,0.96,L18
ITM10309,Automotive,287,68,4,7,24.61,1.69,0.4,L55
ITM10310,Electronics,201,42,14,3,28.59,6.33,0.29,L24
ITM10311,Groceries,391,28,12,8,30.09,2.39,0.61,L36
ITM10312,Apparel,43,37,13,6,32.34,2.99,0.58,L60
ITM10313,Electronics,48,61,9,8,25.28,7.58,0.63,L32
ITM10314,Apparel,190,58,11,9,1.88,9.79,0.41,L10
ITM10315,Apparel,428,46,8,8,17.4,6.15,0.11,L57
ITM10316,Groceries,247,35,5,6,10.01,8.58,0.13,L71
ITM10317,Apparel,397,49,9,6,34.33,0.58,0.7,L13
ITM10318,Apparel,207,89,7,9,3.78,0.85,0.57,L7
ITM10319,Groceries,365,47,3,7,28.63,6.17,0.84,L84
ITM10320,Apparel,249,86,5,6,11.32,4.2,0.37,L70
ITM10321,Apparel,340,96,7,2,47.49,8.95,0.83,L2
ITM10322,Apparel,359,63,9,2,17.44,3.37,0.48,L12
ITM10323,Electronics,138,31,5,5,16.94,4.6,0.19,L97
ITM10324,Electronics,175,25,8,6,46.25,5.52,0.98,L31
ITM10325,Electronics,291,37,7,3,21.45,3.09,0.56,L22
ITM10326,Groceries,194,44,3,5,48.18,9.13,0.67,L53
ITM10327,Automotive,484,69,12,7,2.18,4.91,0.7,L63
ITM10328,Apparel,123,54,8,6,16.01,4.53,0.43,L62
ITM10329,Apparel,111,55,10,2,33.64,8.57,0.77,L28
ITM10330,Groceries,205,81,3,3,44.65,3.46,0.88,L52
ITM10331,Apparel,479,64,4,9,13.56,8.27,0.45,L8
ITM10332,Electronics,302,95,6,5,46.59,1.66,0.69,L22
ITM10333,Automotive,200,94,14,3,30.11,2.24,0.78,L49
ITM10334,Pharma,189,35,4,6,40.25,9.53,0.27,L1
ITM10335,Apparel,206,94,13,4,20.46,8.5,0.4,L50
ITM10336,Electronics,194,34,11,3,11.4,4.19,0.2,L34
ITM10337,Pharma,241,74,12,3,45.65,6.57,0.64,L59
ITM10338,Automotive,252,15,10,7,46.72,9.46,0.82,L37
ITM10339,Pharma,181,32,10,2,25.38,2.51,0.65,L55
ITM10340,Electronics,440,73,6,9,1.32,1.06,0.26,L90
ITM10341,Pharma,153,96,7,6,6.38,5.61,0.59,L94
ITM10342,Groceries,410,52,6,3,29.08,1.85,0.85,L72
ITM10343,Pharma,499,32,11,6,2.17,2.28,0.37,L85
ITM10344,Apparel,243,39,4,2,20.45,8.97,0.85,L92
ITM10345,Apparel,172,86,13,7,15.87,0.57,0.81,L63
ITM10346,Groceries,52,27,10,6,36.0,8.26,0.12,L20
ITM10347,Electronics,74,96,4,8,3.72,5.41,0.32,L25
ITM10348,Apparel,461,88,3,2,24.95,5.81,0.59,L38
ITM10349,Automotive,26,30,12,2,29.38,6.88,0.75,L28
ITM10350,Apparel,263,66,5,9,31.25,4.6,0.89,L8
ITM10351,Apparel,332,32,11,5,20.85,1.6,0.68,L75
ITM10352,Electronics,145,54,14,7,15.91,1.48,0.44,L95
ITM10353,Pharma,31,53,5,7,34.44,7.67,0.27,L70
ITM10354,Apparel,35,91,11,9,42.53,2.6,0.78,L8
ITM10355,Groceries,227,97,9,8,34.99,0.77,0.29,L96
ITM10356,Pharma,62,56,12,6,46.67,9.81,0.73,L41
ITM10357,Automotive,392,49,3,4,36.15,9.81,0.26,L8
ITM10358,Electronics,480,60,12,8,38.47,4.09,0.18,L7
ITM10359,Automotive,154,51,7,5,9.23,0.74,0.33,L75
ITM10360,Pharma,247,16,11,7,21.56,7.41,0.36,L62
ITM10361,Pharma,130,59,14,2,24.77,8.39,0.68,L65
ITM10362,Pharma,326,57,5,7,13.56,1.69,0.24,L68
ITM10363,Automotive,476,93,11,8,26.9,1.79,0.94,L21
ITM10364,Pharma,179,15,7,4,15.25,8.31,0.6,L8
ITM10365,Automotive,350,18,11,3,34.69,9.26,0.54,L66
ITM10366,Pharma,283,66,12,3,24.04,8.01,0.49,L11
ITM10367,Groceries,244,40,8,9,23.48,2.41,0.61,L24
ITM10368,Pharma,490,30,11,7,49.2,4.41,0.12,L9
ITM10369,Automotive,236,99,9,7,20.23,6.21,0.99,L77
ITM10370,Apparel,475,49,9,5,18.75,2.02,0.6,L9
ITM10371,Pharma,64,54,10,7,16.61,2.5,0.13,L87
ITM10372,Apparel,233,86,9,4,44.84,3.19,0.63,L31
ITM10373,Groceries,78,58,14,7,25.34,5.34,0.49,L52
ITM10374,Electronics,151,96,11,6,30.4,5.35,0.12,L16
ITM10375,Groceries,123,29,13,8,9.86,8.24,0.93,L73
ITM10376,Pharma,214,26,11,9,27.51,7.65,0.11,L32
ITM10377,Apparel,432,37,8,4,14.46,9.18,0.62,L75
ITM10378,Apparel,176,50,9,5,36.8,8.41,0.97,L77
ITM10379,Automotive,117,75,4,6,41.79,2.91,0.31,L6
ITM10380,Apparel,245,34,11,6,36.03,3.65,0.33,L80
ITM10381,Automotive,431,67,14,8,36.78,5.25,0.1,L11
ITM10382,Electronics,224,50,3,3,26.11,0.64,0.16,L54
ITM10383,Pharma,98,15,3,4,35.89,9.09,0.14,L85
ITM10384,Automotive,143,84,5,8,21.71,0.92,0.84,L75
ITM10385,Electronics,490,47,14,6,32.92,3.56,0.85,L73
ITM10386,Apparel,447,15,8,5,13.69,5.91,0.75,L67
ITM10387,Apparel,237,54,7,8,4.42,5.42,0.42,L41
ITM10388,Electronics,23,84,4,3,21.26,6.72,0.84,L34
ITM10389,Apparel,109,23,11,6,23.63,5.51,0.59,L27
ITM10390,Electronics,123,75,12,8,13.56,2.68,0.37,L86
ITM10391,Automotive,412,49,6,4,36.66,2.41,0.49,L92
ITM10392,Automotive,138,12,6,3,4.6,9.12,0.16,L41
ITM10393,Electronics,152,33,7,4,11.91,3.01,0.95,L31
ITM10394,Automotive,331,28,10,4,37.68,3.17,0.66,L34
ITM10395,Automotive,115,27,12,4,22.42,4.42,0.76,L51
ITM10396,Automotive,487,73,6,8,35.56,1.82,0.71,L17
ITM10397,Groceries,453,97,7,3,28.81,5.32,0.7,L86
ITM10398,Pharma,350,44,14,8,47.58,6.82,0.12,L83
ITM10399,Apparel,162,71,6,8,30.29,7.97,0.57,L39
ITM10400,Groceries,307,10,8,8,1.73,7.26,0.84,L59
ITM10401,Automotive,47,34,14,6,18.29,1.9,0.14,L41
ITM10402,Electronics,297,54,5,7,8.01,4.83,0.96,L97
ITM10403,Automotive,252,58,10,2,46.31,0.87,0.48,L10
ITM10404,Pharma,36,98,8,6,6.1,0.67,0.36,L2
ITM10405,Automotive,78,25,12,3,20.0,4.68,0.58,L59
ITM10406,Electronics,109,28,7,2,12.08,2.9,0.82,L80
ITM10407,Pharma,218,32,4,2,42.49,6.99,0.53,L73
ITM10408,Automotive,381,92,12,2,16.12,7.38,0.68,L13
ITM10409,Pharma,460,34,12,7,49.6,9.01,0.55,L10
ITM10410,Apparel,45,25,9,8,2.89,7.73,0.67,L69
ITM10411,Apparel,44,63,4,9,7.29,0.96,0.22,L28
ITM10412,Automotive,413,82,3,5,12.01,4.03,0.13,L65
ITM10413,Pharma,320,10,9,3,40.74,3.09,0.22,L34
ITM10414,Electronics,358,51,7,9,44.05,4.17,0.36,L17
ITM10415,Automotive,286,28,3,7,4.5,2.02,0.33,L45
ITM10416,Apparel,480,43,6,7,2.59,1.43,0.65,L9
ITM10417,Apparel,200,89,14,5,37.48,5.45,0.51,L32
ITM10418,Automotive,475,64,6,2,7.53,7.34,0.13,L48
ITM10419,Pharma,379,27,12,8,7.52,7.17,0.13,L37
ITM10420,Apparel,87,43,9,5,2.1,4.78,0.18,L21
ITM10421,Pharma,370,98,11,9,3.44,5.46,0.42,L57
ITM10422,Apparel,431,54,4,9,13.92,5.41,0.11,L70
ITM10423,Apparel,478,15,14,5,4.19,7.07,0.54,L91
ITM10424,Groceries,340,30,3,7,19.08,0.96,0.42,L39
ITM10425,Apparel,68,79,4,3,41.81,7.24,0.6,L79
ITM10426,Electronics,194,57,9,4,16.99,6.03,0.75,L84
ITM10427,Automotive,71,48,12,8,36.66,2.38,0.33,L68
ITM10428,Automotive,121,40,8,9,5.6,0.97,0.24,L2
ITM10429,Pharma,235,19,6,9,33.31,1.53,0.35,L86
ITM10430,Apparel,457,39,3,5,16.52,5.48,0.1,L71
ITM10431,Electronics,207,27,3,8,37.74,7.7,0.21,L39
ITM10432,Pharma,76,69,7,5,7.68,3.68,0.78,L85
ITM10433,Groceries,66,97,3,2,45.0,4.1,0.3,L14
ITM10434,Pharma,178,82,14,8,12.89,9.37,0.99,L18
ITM10435,Pharma,193,24,9,2,18.3,2.52,0.25,L34
ITM10436,Apparel,261,13,13,9,47.56,1.49,0.81,L15
ITM10437,Groceries,301,72,3,7,29.35,3.76,0.73,L14
ITM10438,Pharma,260,49,3,2,18.92,7.59,0.39,L96
ITM10439,Electronics,389,18,4,8,47.53,6.45,0.4,L71
ITM10440,Electronics,24,18,13,6,17.12,4.45,0.61,L20
ITM10441,Automotive,103,35,14,8,5.65,9.67,0.87,L35
ITM10442,Groceries,327,13,12,5,49.85,7.48,0.45,L37
ITM10443,Groceries,380,90,5,2,14.12,1.09,0.16,L78
ITM10444,Automotive,478,25,13,3,42.71,7.57,0.44,L27
ITM10445,Pharma,267,24,3,6,9.11,0.73,0.29,L92
ITM10446,Groceries,73,61,11,7,36.84,6.68,0.95,L44
ITM10447,Electronics,180,78,12,4,26.7,2.5,0.73,L27
ITM10448,Electronics,453,14,10,5,49.06,7.12,0.15,L88
ITM10449,Apparel,441,29,7,5,28.09,3.44,0.36,L82
ITM10450,Groceries,430,88,13,3,2.23,8.79,0.15,L34
ITM10451,Pharma,245,27,4,4,30.59,3.7,0.85,L65
ITM10452,Automotive,34,11,7,9,8.12,6.39,0.92,L63
ITM10453,Automotive,243,22,8,4,40.13,3.22,0.2,L33
ITM10454,Pharma,80,13,3,7,42.97,9.21,0.5,L7
ITM10455,Apparel,141,51,13,7,24.62,7.92,0.94,L12
ITM10456,Automotive,296,83,6,6,39.38,2.81,0.23,L82
ITM10457,Groceries,65,70,11,9,8.11,9.51,0.36,L55
ITM10458,Apparel,472,17,4,5,25.11,3.89,0.37,L36
ITM10459,Groceries,409,76,7,2,20.3,6.69,0.13,L6
ITM10460,Electronics,313,72,3,7,30.95,7.56,0.13,L1
ITM10461,Apparel,81,18,6,3,3.18,0.72,0.96,L43
ITM10462,Automotive,105,20,6,3,37.85,9.61,0.61,L99
ITM10463,Apparel,465,51,8,3,4.88,3.77,0.38,L17
ITM10464,Apparel,229,22,12,8,33.17,2.3,0.44,L82
ITM10465,Apparel,97,45,11,9,1.9,8.58,0.74,L34
ITM10466,Apparel,221,22,5,9,41.76,7.18,0.43,L21
ITM10467,Groceries,321,21,11,7,9.56,1.32,0.3,L95
ITM10468,Electronics,416,46,8,7,26.26,1.61,0.19,L57
ITM10469,Pharma,242,83,9,3,13.81,7.29,0.76,L71
ITM10470,Apparel,241,82,14,9,36.41,1.21,0.26,L91
ITM10471,Automotive,22,61,12,9,16.75,9.21,0.16,L55
ITM10472,Apparel,497,80,4,7,36.51,7.54,0.48,L72
ITM10473,Automotive,25,11,13,8,14.96,3.69,0.14,L2
ITM10474,Groceries,112,65,12,2,37.87,3.95,0.97,L15
ITM10475,Automotive,27,69,8,2,2.5,5.31,0.66,L10
ITM10476,Pharma,447,32,8,6,14.88,3.93,0.24,L89
ITM10477,Electronics,254,49,4,9,25.43,7.94,0.26,L20
ITM10478,Automotive,127,73,4,5,3.21,9.76,0.61,L70
ITM10479,Automotive,180,94,4,2,10.12,6.05,0.42,L5
ITM10480,Electronics,228,32,12,6,46.79,4.74,0.8,L48
ITM10481,Pharma,259,38,14,4,48.86,2.62,0.59,L75
ITM10482,Apparel,350,87,3,5,37.25,6.71,0.49,L71
ITM10483,Automotive,352,99,7,9,13.36,7.01,0.97,L19
ITM10484,Electronics,69,60,10,2,13.77,7.01,0.45,L56
ITM10485,Groceries,30,78,4,8,32.64,0.76,0.46,L17
ITM10486,Electronics,370,98,7,4,6.76,9.04,0.7,L6
ITM10487,Groceries,175,40,14,6,47.47,3.71,0.83,L40
ITM10488,Pharma,89,59,10,2,12.02,7.57,0.66,L47
ITM10489,Apparel,188,29,12,9,49.98,7.72,0.73,L6
ITM10490,Electronics,291,64,7,2,25.29,6.68,0.44,L46
ITM10491,Automotive,87,90,4,7,38.8,4.25,0.53,L27
ITM10492,Pharma,374,11,5,4,1.11,6.28,0.28,L88
ITM10493,Electronics,271,34,8,2,44.55,0.88,0.71,L32
ITM10494,Automotive,67,22,13,3,14.23,7.74,0.3,L86
ITM10495,Electronics,203,79,13,8,33.73,1.45,0.1,L14
ITM10496,Groceries,339,76,7,7,40.51,4.27,0.94,L46
ITM10497,Electronics,206,67,13,7,9.04,1.48,0.38,L100
ITM10498,Electronics,109,91,6,2,22.68,8.45,0.28,L72
ITM10499,Electronics,465,84,6,8,25.2,5.73,0.34,L53
ITM10500,Pharma,351,93,7,7,16.29,7.06,0.4,L80
ITM10501,Electronics,158,73,4,5,24.61,6.98,0.53,L96
ITM10502,Automotive,376,78,11,4,16.56,8.5,0.16,L20
ITM10503,Groceries,108,92,4,5,18.68,1.76,0.15,L31
ITM10504,Groceries,293,95,12,6,33.8,6.77,0.36,L21
ITM10505,Electronics,38,68,4,5,32.0,5.96,0.37,L23
ITM10506,Pharma,490,69,12,8,12.38,0.79,0.21,L53
ITM10507,Pharma,330,92,11,3,44.98,2.41,0.46,L4
ITM10508,Automotive,377,71,5,7,43.28,3.04,0.36,L23
ITM10509,Electronics,393,25,12,8,25.95,1.19,0.12,L95
ITM10510,Groceries,485,97,9,7,22.23,3.87,0.9,L43
ITM10511,Pharma,173,77,6,9,19.47,0.76,0.9,L53
ITM10512,Electronics,409,24,8,3,35.66,5.76,0.29,L86
ITM10513,Pharma,279,98,6,7,33.91,2.51,0.25,L95
ITM10514,Pharma,127,64,12,5,10.61,3.23,0.59,L32
ITM10515,Groceries,390,44,9,9,33.9,9.15,0.67,L35
ITM10516,Apparel,304,64,3,9,13.37,5.28,0.96,L21
ITM10517,Automotive,78,23,5,6,1.91,3.06,0.44,L90
ITM10518,Automotive,144,58,5,9,35.26,6.19,0.66,L14
ITM10519,Groceries,373,92,3,9,32.59,2.42,0.89,L49
ITM10520,Pharma,292,16,8,2,21.13,1.21,0.5,L5
ITM10521,Electronics,126,39,13,3,26.76,0.7,0.21,L61
ITM10522,Pharma,318,92,11,5,47.41,9.54,0.44,L29
ITM10523,Groceries,264,58,10,8,30.16,7.38,0.22,L26
ITM10524,Automotive,355,98,13,5,33.24,8.1,0.11,L59
ITM10525,Pharma,469,25,9,5,4.13,9.82,0.78,L45
ITM10526,Automotive,437,60,12,2,9.13,9.35,0.31,L40
ITM10527,Electronics,266,81,10,4,15.75,7.5,0.1,L30
ITM10528,Automotive,27,91,8,7,27.43,7.09,0.89,L29
ITM10529,Automotive,160,89,11,7,39.05,3.7,0.5,L4
ITM10530,Apparel,381,92,5,8,16.74,1.49,0.31,L85
ITM10531,Apparel,27,51,12,9,18.46,5.95,0.34,L25
ITM10532,Apparel,497,26,12,6,13.55,5.97,0.32,L52
ITM10533,Automotive,371,72,11,8,13.48,9.55,0.28,L43
ITM10534,Groceries,113,54,6,4,47.49,4.7,0.86,L36
ITM10535,Automotive,340,86,9,7,32.14,7.06,0.25,L9
ITM10536,Groceries,446,16,11,6,8.64,5.96,0.61,L99
ITM10537,Groceries,58,36,4,8,36.39,2.18,0.17,L36
ITM10538,Apparel,100,19,4,6,36.38,6.12,0.95,L45
ITM10539,Pharma,206,43,11,5,33.66,5.63,0.64,L83
ITM10540,Electronics,103,45,14,3,7.6,5.19,0.91,L66
ITM10541,Apparel,107,34,5,5,20.99,5.38,0.46,L52
ITM10542,Apparel,261,15,11,2,6.23,2.06,0.83,L87
ITM10543,Pharma,361,33,7,9,41.01,4.9,0.87,L69
ITM10544,Electronics,112,27,8,7,33.1,6.25,0.73,L43
ITM10545,Automotive,105,96,4,6,25.85,5.15,0.18,L4
ITM10546,Automotive,63,15,10,8,17.81,5.14,0.11,L15
ITM10547,Apparel,156,38,13,9,10.03,1.24,0.25,L34
ITM10548,Electronics,440,34,11,3,6.22,2.31,0.21,L23
ITM10549,Apparel,93,64,4,8,48.49,3.55,0.75,L75
ITM10550,Groceries,55,90,8,7,10.78,4.48,0.6,L34
ITM10551,Apparel,120,55,8,6,3.93,6.14,0.57,L5
ITM10552,Apparel,495,33,10,6,48.12,8.7,0.33,L14
ITM10553,Automotive,175,84,12,5,27.9,2.01,0.24,L77
ITM10554,Automotive,445,35,14,3,40.04,0.64,0.29,L56
ITM10555,Automotive,274,37,7,3,3.14,4.77,0.46,L45
ITM10556,Groceries,190,12,11,7,28.78,4.6,0.77,L94
ITM10557,Automotive,488,84,3,6,20.51,5.74,0.33,L41
ITM10558,Electronics,235,47,11,9,38.83,8.42,0.73,L56
ITM10559,Pharma,189,70,12,3,2.88,8.12,0.54,L78
ITM10560,Electronics,271,87,9,3,20.68,1.45,0.9,L66
ITM10561,Electronics,379,60,6,8,40.15,9.37,0.31,L15
ITM10562,Automotive,341,99,5,7,26.61,1.55,0.51,L50
ITM10563,Pharma,74,57,12,5,27.95,6.53,0.19,L74
ITM10564,Pharma,475,30,13,8,5.76,6.89,0.4,L25
ITM10565,Pharma,451,63,8,8,7.48,6.96,0.56,L33
ITM10566,Groceries,110,65,14,4,34.17,3.02,0.76,L6
ITM10567,Automotive,297,68,3,2,34.08,3.64,0.28,L91
ITM10568,Pharma,120,81,5,4,48.98,5.71,0.3,L56
ITM10569,Groceries,174,60,4,3,35.89,2.4,0.67,L1
ITM10570,Apparel,396,29,13,6,25.17,0.69,0.44,L67
ITM10571,Apparel,368,95,11,2,43.01,5.84,0.53,L69
ITM10572,Groceries,470,68,5,2,6.12,4.92,0.85,L88
ITM10573,Groceries,383,80,4,6,23.02,6.74,0.55,L93
ITM10574,Automotive,160,18,6,2,15.07,1.89,0.69,L95
ITM10575,Automotive,192,10,4,6,6.13,8.49,0.69,L95
ITM10576,Apparel,29,38,3,2,38.41,1.89,0.82,L86
ITM10577,Pharma,247,72,8,8,26.03,8.97,0.67,L26
ITM10578,Apparel,284,81,12,9,28.28,4.77,0.16,L47
ITM10579,Pharma,457,65,10,7,21.15,5.72,0.41,L56
ITM10580,Pharma,267,77,12,7,23.56,9.02,0.99,L9
ITM10581,Automotive,266,44,12,4,6.68,3.35,0.28,L86
ITM10582,Electronics,174,12,4,8,33.97,2.23,0.63,L43
ITM10583,Electronics,53,16,11,2,22.19,4.73,0.86,L80
ITM10584,Groceries,148,36,5,5,41.02,2.82,0.63,L41
ITM10585,Automotive,179,10,10,6,10.62,5.51,0.44,L85
ITM10586,Pharma,108,89,14,8,11.05,3.11,0.17,L16
ITM10587,Electronics,112,80,10,2,32.64,8.71,0.43,L93
ITM10588,Pharma,346,53,5,7,42.45,6.27,0.26,L39
ITM10589,Electronics,260,96,5,7,24.14,0.5,0.96,L65
ITM10590,Electronics,342,50,14,6,36.62,8.15,0.74,L40
ITM10591,Electronics,487,84,8,5,49.97,3.64,0.77,L86
ITM10592,Automotive,423,51,3,2,49.52,3.54,0.49,L53
ITM10593,Apparel,136,42,6,2,37.47,4.14,0.2,L42
ITM10594,Pharma,113,59,3,5,37.24,6.49,0.34,L52
ITM10595,Automotive,182,72,5,5,13.13,4.7,0.33,L90
ITM10596,Automotive,118,46,11,5,41.84,6.47,0.54,L38
ITM10597,Automotive,132,68,7,7,20.85,1.89,0.51,L71
ITM10598,Automotive,378,90,14,6,48.14,9.72,0.49,L17
ITM10599,Automotive,110,57,7,8,4.99,7.43,0.55,L25
ITM10600,Groceries,365,14,13,9,22.36,2.88,0.99,L54
ITM10601,Pharma,225,57,6,5,28.24,7.38,0.37,L86
ITM10602,Automotive,36,12,5,6,20.85,5.96,0.65,L49
ITM10603,Pharma,293,56,7,4,11.32,1.54,0.32,L87
ITM10604,Groceries,192,71,13,2,30.06,2.19,0.52,L96
ITM10605,Groceries,135,23,6,2,38.04,0.89,0.28,L23
ITM10606,Pharma,368,72,10,9,32.6,8.19,0.6,L79
ITM10607,Electronics,487,70,6,9,12.49,5.74,0.34,L73
ITM10608,Apparel,200,40,13,3,36.85,3.51,0.13,L39
ITM10609,Electronics,110,26,14,4,13.59,1.7,0.83,L52
ITM10610,Electronics,101,33,10,8,9.58,5.1,0.22,L71
ITM10611,Electronics,343,32,8,9,34.84,5.49,0.43,L1
ITM10612,Automotive,468,91,14,5,42.3,7.17,0.53,L39
ITM10613,Groceries,133,59,13,5,24.6,9.71,0.49,L37
ITM10614,Electronics,276,87,7,8,27.04,4.63,0.75,L27
ITM10615,Groceries,77,88,6,7,15.83,4.36,0.64,L56
ITM10616,Pharma,173,88,6,4,25.24,4.01,0.37,L75
ITM10617,Apparel,384,79,14,5,7.47,8.36,0.15,L78
ITM10618,Pharma,423,36,6,9,47.84,1.99,0.79,L84
ITM10619,Pharma,135,24,13,3,40.22,3.77,0.42,L42
ITM10620,Automotive,362,59,11,6,33.73,7.39,0.9,L60
ITM10621,Apparel,285,45,6,2,27.37,0.65,0.46,L57
ITM10622,Pharma,334,17,14,4,39.82,3.25,0.75,L57
ITM10623,Pharma,222,88,11,2,25.24,6.59,0.95,L87
ITM10624,Apparel,60,12,12,6,15.7,2.27,0.69,L28
ITM10625,Apparel,124,71,8,4,8.86,3.38,0.47,L66
ITM10626,Pharma,408,56,12,9,32.73,5.12,0.61,L61
ITM10627,Apparel,397,86,9,6,46.54,4.51,0.59,L95
ITM10628,Pharma,212,97,14,5,8.53,1.51,0.63,L22
ITM10629,Pharma,420,70,12,8,9.82,9.41,0.23,L85
ITM10630,Automotive,297,41,5,5,22.25,0.92,0.73,L11
ITM10631,Electronics,373,22,10,9,40.54,7.62,0.23,L37
ITM10632,Pharma,256,10,5,8,15.4,1.18,0.11,L66
ITM10633,Groceries,444,43,3,5,13.44,4.94,0.66,L85
ITM10634,Electronics,240,71,12,6,31.38,2.17,0.21,L82
ITM10635,Electronics,87,88,14,6,27.25,1.84,0.79,L80
ITM10636,Electronics,216,87,7,6,3.95,1.7,0.88,L43
ITM10637,Automotive,275,91,4,2,4.99,4.8,0.95,L12
ITM10638,Pharma,158,80,12,9,32.51,5.4,0.7,L97
ITM10639,Automotive,331,40,8,6,23.79,1.77,0.53,L31
ITM10640,Pharma,454,73,12,5,48.58,9.8,0.42,L87
ITM10641,Automotive,168,34,11,3,34.25,2.95,0.54,L40
ITM10642,Automotive,118,47,3,9,1.49,4.86,0.27,L29
ITM10643,Groceries,95,23,6,6,24.57,2.55,0.41,L26
ITM10644,Automotive,301,17,3,3,21.31,5.19,0.75,L19
ITM10645,Apparel,390,63,3,8,6.23,7.68,0.3,L4
ITM10646,Groceries,422,11,10,5,46.24,5.45,0.34,L6
ITM10647,Automotive,128,90,13,6,40.45,3.21,0.77,L32
ITM10648,Electronics,207,87,4,2,12.27,2.86,0.26,L61
ITM10649,Apparel,218,98,3,2,13.54,7.71,0.32,L79
ITM10650,Apparel,322,65,13,8,2.57,1.62,0.12,L99
ITM10651,Apparel,346,93,10,3,15.54,4.01,0.75,L10
ITM10652,Groceries,173,94,6,7,29.65,1.94,0.66,L59
ITM10653,Automotive,59,70,5,2,21.62,2.95,0.72,L54
ITM10654,Automotive,152,31,14,9,48.49,1.95,0.29,L81
ITM10655,Electronics,424,44,6,2,3.75,8.92,0.72,L74
ITM10656,Electronics,481,25,13,2,29.98,7.45,0.64,L25
ITM10657,Apparel,151,59,7,5,43.06,5.83,0.43,L92
ITM10658,Electronics,298,52,3,2,24.56,2.63,0.49,L90
ITM10659,Groceries,381,26,13,4,1.15,5.35,0.61,L50
ITM10660,Automotive,103,89,3,6,12.9,5.45,0.54,L64
ITM10661,Apparel,418,67,5,8,16.86,6.11,0.68,L52
ITM10662,Electronics,261,11,8,2,48.33,1.07,0.26,L32
ITM10663,Groceries,135,13,3,7,45.68,9.74,0.59,L19
ITM10664,Groceries,128,94,13,9,47.51,4.92,0.51,L84
ITM10665,Electronics,240,48,14,7,41.46,9.3,0.51,L89
ITM10666,Automotive,411,15,4,2,18.23,0.59,0.52,L1
ITM10667,Electronics,60,90,14,2,45.39,2.85,0.89,L97
ITM10668,Apparel,387,98,9,4,49.1,1.49,0.84,L99
ITM10669,Electronics,166,78,3,2,18.15,7.81,0.67,L14
ITM10670,Groceries,131,78,9,2,13.77,3.54,0.74,L100
ITM10671,Electronics,122,29,6,6,27.8,8.48,0.14,L55
ITM10672,Automotive,65,73,12,7,10.17,8.41,0.77,L29
ITM10673,Pharma,431,25,8,4,2.6,6.84,0.54,L23
ITM10674,Electronics,494,60,10,7,47.35,6.82,0.39,L90
ITM10675,Automotive,343,46,11,4,46.36,7.15,0.23,L67
ITM10676,Automotive,397,82,8,7,8.97,6.9,0.17,L60
ITM10677,Groceries,290,78,14,2,20.98,4.18,0.14,L7
ITM10678,Automotive,440,51,13,7,41.72,6.99,0.25,L72
ITM10679,Automotive,404,66,11,7,33.39,9.03,0.13,L32
ITM10680,Automotive,214,75,6,4,20.34,3.66,0.76,L16
ITM10681,Automotive,386,18,8,8,37.46,9.48,0.32,L59
ITM10682,Apparel,299,95,10,3,44.96,0.63,0.43,L18
ITM10683,Apparel,302,73,11,4,46.38,3.82,0.84,L60
ITM10684,Groceries,59,95,5,4,19.56,1.75,0.2,L86
ITM10685,Electronics,466,31,4,4,9.5,1.7,0.85,L68
ITM10686,Automotive,208,43,8,5,45.73,8.25,0.68,L72
ITM10687,Electronics,183,64,6,8,5.54,9.22,0.41,L77
ITM10688,Electronics,496,38,3,5,36.36,7.89,0.21,L41
ITM10689,Groceries,43,47,10,5,7.88,9.78,0.18,L97
ITM10690,Automotive,43,27,11,4,20.08,2.56,0.4,L57
ITM10691,Automotive,23,80,11,3,21.17,1.84,0.23,L79
ITM10692,Pharma,342,74,4,4,8.78,5.45,0.34,L93
ITM10693,Electronics,309,10,11,2,46.21,8.38,0.15,L65
ITM10694,Electronics,460,97,9,3,1.13,0.88,0.64,L55
ITM10695,Apparel,452,13,7,5,44.8,9.96,0.23,L71
ITM10696,Pharma,490,13,9,9,44.31,6.22,0.78,L58
ITM10697,Apparel,200,91,11,7,16.53,9.8,0.3,L21
ITM10698,Apparel,267,36,10,7,35.51,3.97,0.82,L96
ITM10699,Apparel,135,52,8,8,13.39,4.85,0.27,L61
ITM10700,Groceries,298,68,6,9,38.18,7.65,0.75,L58
ITM10701,Groceries,384,41,3,6,28.49,8.03,0.4,L34
ITM10702,Apparel,88,42,8,8,15.71,2.71,0.62,L97
ITM10703,Pharma,370,37,5,3,20.61,9.33,0.13,L32
ITM10704,Electronics,273,64,8,5,34.8,8.74,0.55,L82
ITM10705,Pharma,200,69,8,3,45.4,0.67,0.23,L36
ITM10706,Automotive,337,79,6,3,7.41,1.72,0.54,L99
ITM10707,Groceries,188,71,4,7,29.0,5.21,0.23,L100
ITM10708,Electronics,332,89,11,4,13.43,4.88,0.49,L67
ITM10709,Electronics,268,43,4,2,40.27,7.23,0.2,L63
ITM10710,Automotive,207,96,5,6,4.44,1.35,0.3,L81
ITM10711,Automotive,73,97,12,5,34.76,6.63,0.64,L31
ITM10712,Apparel,345,65,3,3,9.57,6.36,0.98,L36
ITM10713,Groceries,376,22,9,6,30.22,2.72,0.5,L57
ITM10714,Groceries,332,65,3,3,41.95,5.65,0.72,L10
ITM10715,Pharma,157,27,13,9,38.0,2.61,0.59,L92
ITM10716,Apparel,187,63,11,7,37.89,1.9,0.55,L37
ITM10717,Apparel,410,86,13,2,26.37,5.94,0.16,L31
ITM10718,Apparel,122,52,13,7,44.65,9.79,0.23,L35
ITM10719,Apparel,441,48,3,6,29.82,2.75,0.89,L43
ITM10720,Groceries,104,70,7,5,45.96,3.88,0.47,L41
ITM10721,Groceries,336,51,9,3,27.78,2.94,0.65,L70
ITM10722,Apparel,231,90,5,2,25.79,3.03,0.58,L11
ITM10723,Pharma,22,88,11,9,11.9,4.34,0.44,L18
ITM10724,Electronics,403,27,10,7,27.69,7.17,0.45,L20
ITM10725,Electronics,198,32,5,9,7.89,0.87,0.6,L30
ITM10726,Pharma,361,63,7,6,43.61,9.59,0.23,L50
ITM10727,Apparel,322,39,9,7,34.12,0.94,0.45,L89
ITM10728,Groceries,471,67,14,3,49.69,8.87,0.5,L20
ITM10729,Electronics,495,77,6,3,5.51,9.0,0.99,L91
ITM10730,Automotive,351,76,7,9,12.79,5.48,0.42,L28
ITM10731,Automotive,57,80,5,5,43.98,1.8,0.68,L9
ITM10732,Pharma,439,27,11,2,20.37,5.87,0.22,L54
ITM10733,Apparel,258,16,12,4,23.85,6.47,0.16,L53
ITM10734,Electronics,188,49,11,7,43.17,8.65,0.88,L43
ITM10735,Apparel,472,79,9,3,26.57,5.73,0.76,L70
ITM10736,Electronics,416,95,12,6,10.48,4.4,0.39,L60
ITM10737,Pharma,362,74,4,7,44.71,8.46,0.55,L54
ITM10738,Pharma,333,77,9,5,2.52,9.82,0.22,L8
ITM10739,Automotive,325,58,9,5,44.87,6.63,0.74,L27
ITM10740,Apparel,49,61,13,3,3.48,8.81,0.16,L54
ITM10741,Automotive,209,38,7,3,33.63,6.19,0.78,L50
ITM10742,Apparel,376,30,11,9,4.51,7.05,0.59,L99
ITM10743,Automotive,44,99,14,3,35.6,7.04,0.35,L75
ITM10744,Groceries,131,87,13,9,2.66,7.2,0.88,L90
ITM10745,Groceries,430,18,5,8,42.28,3.55,0.99,L3
ITM10746,Groceries,454,56,6,4,23.83,5.97,0.33,L98
ITM10747,Groceries,225,85,3,3,5.58,6.14,0.83,L74
ITM10748,Electronics,204,51,8,7,35.63,3.49,0.78,L49
ITM10749,Groceries,401,60,6,7,24.98,3.82,0.77,L62
ITM10750,Pharma,398,65,3,9,10.36,7.74,0.96,L1
ITM10751,Pharma,66,60,4,8,1.77,6.04,0.54,L46
ITM10752,Electronics,393,79,5,8,21.48,1.92,0.71,L39
ITM10753,Groceries,247,29,11,2,5.2,8.46,0.84,L97
ITM10754,Groceries,58,97,10,6,5.61,8.89,0.53,L50
ITM10755,Groceries,35,36,9,3,14.1,4.93,0.53,L54
ITM10756,Automotive,41,47,13,9,31.89,2.48,0.39,L69
ITM10757,Apparel,232,81,14,7,26.97,9.5,0.8,L96
ITM10758,Automotive,329,74,6,8,4.38,8.88,0.72,L95
ITM10759,Apparel,168,63,3,7,48.45,2.82,0.51,L70
ITM10760,Groceries,475,33,10,7,44.47,1.41,0.48,L78
ITM10761,Groceries,260,56,6,8,13.7,4.69,0.17,L29
ITM10762,Automotive,291,80,5,4,6.99,6.93,0.11,L63
ITM10763,Automotive,78,92,11,8,47.18,2.17,0.58,L29
ITM10764,Apparel,306,95,12,8,23.6,5.38,0.48,L35
ITM10765,Pharma,445,72,6,6,16.25,4.54,0.82,L56
ITM10766,Apparel,221,66,6,9,25.03,8.96,0.59,L63
ITM10767,Automotive,51,64,11,9,38.86,4.58,0.94,L4
ITM10768,Automotive,462,69,14,8,9.25,5.57,0.28,L50
ITM10769,Electronics,181,71,13,5,38.61,9.58,0.99,L44
ITM10770,Automotive,274,39,14,9,37.72,3.35,0.37,L86
ITM10771,Electronics,273,31,4,9,27.43,3.25,0.68,L87
ITM10772,Pharma,28,84,14,9,43.43,8.1,0.55,L52
ITM10773,Apparel,484,93,7,8,7.48,3.14,0.42,L93
ITM10774,Apparel,158,38,6,7,30.18,8.4,0.23,L22
ITM10775,Electronics,499,50,11,3,23.02,1.41,0.22,L60
ITM10776,Apparel,29,51,14,7,21.69,1.56,0.74,L17
ITM10777,Automotive,233,74,7,6,13.38,9.06,0.44,L80
ITM10778,Groceries,292,40,11,5,19.24,5.64,0.97,L69
ITM10779,Electronics,343,39,13,8,6.3,7.33,0.39,L4
ITM10780,Apparel,67,27,11,4,13.33,2.64,0.99,L51
ITM10781,Electronics,455,26,4,2,14.33,2.08,0.28,L76
ITM10782,Electronics,130,47,11,8,36.31,8.43,0.19,L73
ITM10783,Groceries,172,23,5,3,3.38,3.91,0.38,L85
ITM10784,Automotive,142,96,6,2,32.91,4.82,0.9,L4
ITM10785,Electronics,424,98,3,4,11.85,0.77,0.57,L11
ITM10786,Apparel,376,88,3,6,5.01,4.17,0.22,L83
ITM10787,Pharma,121,65,3,6,15.74,7.82,0.28,L55
ITM10788,Electronics,260,31,11,4,12.0,8.3,0.38,L18
ITM10789,Electronics,340,76,13,7,28.05,7.14,0.63,L60
ITM10790,Groceries,210,65,10,4,18.51,7.08,0.4,L24
ITM10791,Automotive,236,28,7,9,48.33,5.31,0.77,L7
ITM10792,Pharma,70,66,7,9,48.21,5.61,0.65,L34
ITM10793,Apparel,311,53,11,8,22.74,7.56,0.89,L49
ITM10794,Pharma,100,44,5,3,39.96,2.85,0.55,L42
ITM10795,Apparel,402,10,5,9,1.65,2.7,0.4,L28
ITM10796,Automotive,107,61,9,5,27.84,9.52,1.0,L59
ITM10797,Apparel,213,94,11,8,37.42,0.76,0.42,L42
ITM10798,Groceries,123,79,8,8,11.63,1.82,0.49,L44
ITM10799,Groceries,290,46,4,8,4.0,5.92,0.83,L98
ITM10800,Groceries,115,74,3,2,8.64,7.51,0.18,L49
ITM10801,Groceries,442,60,4,2,22.65,5.61,0.45,L36
ITM10802,Pharma,398,10,3,6,25.81,3.87,0.18,L97
ITM10803,Automotive,217,30,12,8,19.66,9.79,0.23,L54
ITM10804,Apparel,20,62,12,7,22.56,7.19,0.1,L33
ITM10805,Apparel,426,25,11,9,24.04,8.4,0.11,L11
ITM10806,Groceries,397,70,12,6,38.7,0.88,0.44,L61
ITM10807,Groceries,186,63,14,3,6.16,2.74,0.83,L3
ITM10808,Electronics,145,49,10,4,38.68,4.05,0.63,L96
ITM10809,Automotive,332,35,9,2,34.74,2.23,0.67,L70
ITM10810,Pharma,100,89,5,8,37.34,1.19,0.57,L7
ITM10811,Apparel,437,74,10,3,36.99,2.64,0.84,L45
ITM10812,Electronics,270,83,4,6,24.06,5.57,0.89,L29
ITM10813,Electronics,188,73,4,6,11.36,7.11,0.86,L84
ITM10814,Apparel,496,52,13,2,27.29,7.85,0.83,L9
ITM10815,Pharma,92,26,12,6,47.94,0.91,0.26,L100
ITM10816,Electronics,160,68,5,7,29.84,4.57,0.63,L84
ITM10817,Electronics,89,32,9,6,1.54,1.66,0.62,L6
ITM10818,Automotive,281,16,3,5,3.93,4.6,0.58,L97
ITM10819,Pharma,359,53,10,9,49.65,4.62,0.53,L4
ITM10820,Electronics,327,62,14,4,4.53,5.23,0.18,L32
ITM10821,Pharma,264,80,9,6,3.26,8.98,0.19,L26
ITM10822,Apparel,22,88,6,9,18.3,8.15,0.91,L3
ITM10823,Groceries,356,43,7,9,48.5,6.55,0.67,L80
ITM10824,Electronics,82,55,12,5,16.62,8.91,0.34,L20
ITM10825,Automotive,68,77,3,3,21.08,6.95,0.35,L31
ITM10826,Apparel,95,87,6,6,32.07,8.28,0.65,L17
ITM10827,Pharma,387,87,3,7,2.18,5.86,0.47,L61
ITM10828,Apparel,194,25,3,3,44.99,5.49,0.5,L86
ITM10829,Electronics,128,80,12,9,26.45,7.38,0.15,L15
ITM10830,Pharma,202,28,3,9,23.87,0.69,0.22,L73
ITM10831,Groceries,211,11,9,8,43.18,7.06,0.45,L28
ITM10832,Apparel,84,19,9,6,47.7,9.38,0.73,L60
ITM10833,Electronics,356,59,6,2,21.75,7.28,0.14,L90
ITM10834,Automotive,470,90,14,5,9.45,0.85,0.4,L33
ITM10835,Pharma,493,21,4,5,40.97,4.09,0.73,L99
ITM10836,Apparel,290,79,14,2,20.76,8.19,0.81,L48
ITM10837,Apparel,119,31,5,4,46.84,9.61,0.27,L22
ITM10838,Groceries,51,41,10,9,47.55,4.02,0.76,L78
ITM10839,Groceries,371,93,10,8,6.63,8.49,0.96,L78
ITM10840,Automotive,147,10,13,7,47.87,8.71,0.92,L96
ITM10841,Automotive,471,63,13,5,19.05,1.67,0.81,L92
ITM10842,Electronics,421,67,8,3,32.67,8.53,0.74,L15
ITM10843,Electronics,388,79,12,9,2.7,3.58,0.31,L100
ITM10844,Automotive,358,92,11,7,44.56,6.14,0.67,L21
ITM10845,Automotive,62,27,13,5,32.44,5.62,0.68,L40
ITM10846,Pharma,391,15,14,8,32.53,6.8,0.47,L14
ITM10847,Groceries,438,54,11,4,45.21,7.53,0.54,L75
ITM10848,Electronics,97,32,6,8,25.91,4.69,0.72,L4
ITM10849,Groceries,333,32,14,3,21.12,8.94,0.96,L40
ITM10850,Groceries,308,35,3,8,43.44,8.19,0.37,L74
ITM10851,Automotive,289,86,3,7,37.38,7.96,0.32,L87
ITM10852,Pharma,181,16,14,9,47.5,4.85,0.64,L49
ITM10853,Apparel,208,88,12,3,47.07,0.86,0.22,L51
ITM10854,Pharma,266,53,7,9,19.73,5.18,0.62,L92
ITM10855,Pharma,407,36,4,2,22.9,9.04,0.18,L26
ITM10856,Groceries,235,35,8,6,13.54,2.31,0.54,L10
ITM10857,Pharma,334,88,9,2,33.37,9.83,0.66,L76
ITM10858,Electronics,432,45,3,7,18.86,8.17,0.16,L89
ITM10859,Groceries,358,64,8,6,39.52,7.24,0.29,L81
ITM10860,Electronics,409,73,10,2,6.96,6.93,0.4,L32
ITM10861,Apparel,396,66,14,6,6.7,6.08,0.43,L14
ITM10862,Groceries,452,78,7,5,11.02,7.35,0.71,L90
ITM10863,Apparel,187,70,14,8,5.13,4.51,0.58,L99
ITM10864,Groceries,358,11,9,3,31.38,8.53,0.44,L39
ITM10865,Automotive,212,64,12,6,8.22,7.12,0.51,L88
ITM10866,Pharma,472,89,8,5,8.84,7.83,0.11,L77
ITM10867,Automotive,302,96,6,8,1.7,8.03,0.79,L16
ITM10868,Apparel,355,47,9,8,39.32,1.37,0.14,L73
ITM10869,Pharma,409,89,12,4,40.8,1.03,0.85,L6
ITM10870,Groceries,32,87,11,9,8.94,8.11,0.59,L45
ITM10871,Pharma,259,38,12,2,37.24,2.96,0.58,L69
ITM10872,Electronics,339,35,12,4,22.24,6.03,0.73,L55
ITM10873,Pharma,465,44,9,9,12.74,4.72,0.87,L85
ITM10874,Electronics,166,88,14,9,31.45,0.71,0.95,L48
ITM10875,Pharma,223,76,7,7,9.75,0.88,0.59,L9
ITM10876,Electronics,99,96,9,5,38.09,8.36,0.24,L65
ITM10877,Apparel,398,38,5,4,3.33,6.27,0.89,L83
ITM10878,Automotive,62,43,4,4,48.0,5.48,0.14,L44
ITM10879,Groceries,477,50,13,9,4.52,9.47,0.83,L2
ITM10880,Pharma,108,50,7,8,29.39,2.14,0.71,L54
ITM10881,Automotive,167,32,6,5,45.21,2.95,0.91,L63
ITM10882,Groceries,114,80,7,8,1.58,7.69,0.91,L14
ITM10883,Groceries,471,12,10,3,25.43,7.86,0.15,L56
ITM10884,Electronics,447,67,14,6,18.15,4.35,0.65,L47
ITM10885,Apparel,170,41,6,7,29.44,9.53,0.21,L82
ITM10886,Apparel,21,40,11,7,12.05,9.41,0.17,L59
ITM10887,Automotive,395,91,9,2,4.18,0.62,0.5,L91
ITM10888,Apparel,41,52,12,8,31.67,2.14,0.19,L20
ITM10889,Pharma,390,16,14,6,21.43,8.29,0.76,L56
ITM10890,Apparel,332,10,9,9,31.5,3.68,0.97,L23
ITM10891,Automotive,347,70,10,2,11.32,1.41,0.61,L94
ITM10892,Apparel,26,23,14,7,17.6,7.96,0.31,L67
ITM10893,Pharma,225,61,8,6,28.52,4.82,0.86,L84
ITM10894,Electronics,459,15,10,4,30.06,5.18,0.87,L35
ITM10895,Automotive,394,19,5,3,19.24,2.27,0.76,L79
ITM10896,Electronics,470,80,12,9,14.72,6.78,0.65,L69
ITM10897,Electronics,133,99,12,4,14.41,5.74,0.88,L100
ITM10898,Electronics,291,39,3,3,9.56,2.46,0.25,L62
ITM10899,Groceries,102,30,8,9,16.94,3.73,0.94,L60
ITM10900,Groceries,198,69,3,8,10.77,6.17,0.95,L56
ITM10901,Electronics,229,90,11,5,32.06,9.29,0.88,L94
ITM10902,Automotive,483,83,4,2,28.88,9.24,0.33,L76
ITM10903,Pharma,347,72,13,2,19.75,3.24,0.87,L35
ITM10904,Pharma,143,51,4,5,16.97,7.49,0.55,L42
ITM10905,Apparel,132,60,9,6,12.64,7.87,0.64,L32
ITM10906,Automotive,31,73,4,5,27.24,8.18,0.86,L12
ITM10907,Groceries,145,85,12,8,46.03,5.92,0.13,L36
ITM10908,Electronics,72,65,10,7,34.6,0.6,0.43,L58
ITM10909,Apparel,350,89,8,5,37.48,7.74,0.83,L32
ITM10910,Pharma,408,50,9,3,41.88,1.51,0.83,L97
ITM10911,Groceries,302,41,9,7,18.23,1.61,0.86,L60
ITM10912,Groceries,159,24,8,5,4.08,6.25,0.25,L73
ITM10913,Electronics,420,71,12,2,31.51,9.84,0.74,L79
ITM10914,Pharma,409,36,13,4,10.24,2.8,0.23,L86
ITM10915,Automotive,116,37,11,3,28.88,6.64,0.81,L49
ITM10916,Groceries,24,90,11,8,37.24,3.38,0.32,L44
ITM10917,Electronics,76,73,9,3,39.4,9.04,0.76,L4
ITM10918,Automotive,431,68,11,9,15.79,6.14,0.51,L64
ITM10919,Pharma,353,67,12,6,26.11,2.47,0.99,L42
ITM10920,Groceries,88,11,5,4,31.43,2.99,0.62,L24
ITM10921,Automotive,137,45,5,3,41.15,4.61,0.67,L63
ITM10922,Automotive,395,80,3,9,38.31,1.66,0.43,L28
ITM10923,Automotive,78,22,7,5,49.41,1.25,0.76,L46
ITM10924,Groceries,52,24,6,3,1.4,6.96,0.55,L34
ITM10925,Groceries,337,98,4,3,22.44,4.37,0.12,L44
ITM10926,Apparel,69,96,11,3,13.55,7.4,0.65,L36
ITM10927,Pharma,387,69,5,6,6.87,1.55,0.85,L77
ITM10928,Electronics,38,31,10,3,45.66,6.29,0.31,L90
ITM10929,Automotive,233,72,8,3,49.9,4.71,0.3,L36
ITM10930,Apparel,216,99,7,6,9.85,1.05,0.65,L72
ITM10931,Electronics,398,84,3,9,2.88,5.68,0.84,L2
ITM10932,Apparel,469,83,6,7,14.48,1.29,0.32,L67
ITM10933,Groceries,497,34,5,4,41.91,8.36,0.94,L25
ITM10934,Automotive,66,57,3,9,15.4,6.5,0.93,L11
ITM10935,Electronics,186,52,14,8,3.79,5.79,0.28,L31
ITM10936,Electronics,471,47,7,7,3.57,1.77,0.34,L93
ITM10937,Electronics,308,50,8,2,21.94,3.23,0.73,L53
ITM10938,Electronics,160,54,4,6,46.66,5.18,0.96,L63
ITM10939,Electronics,103,97,5,6,15.01,6.52,0.74,L72
ITM10940,Apparel,201,49,13,3,21.93,2.24,0.5,L98
ITM10941,Automotive,410,26,8,3,5.99,0.58,0.25,L31
ITM10942,Groceries,98,97,6,8,25.19,3.78,0.51,L89
ITM10943,Groceries,234,66,11,2,35.13,5.09,0.65,L61
ITM10944,Groceries,33,11,7,3,14.29,2.25,0.4,L83
ITM10945,Groceries,234,71,6,5,15.54,5.18,0.56,L92
ITM10946,Apparel,422,97,4,3,42.26,3.72,0.22,L63
ITM10947,Pharma,147,18,8,3,1.51,4.82,0.51,L58
ITM10948,Automotive,329,77,12,5,32.19,3.8,0.18,L3
ITM10949,Electronics,496,90,4,2,20.3,6.47,0.14,L12
ITM10950,Pharma,267,26,14,5,15.62,0.91,0.87,L38
ITM10951,Groceries,423,59,9,6,33.22,2.12,0.28,L29
ITM10952,Pharma,48,49,5,5,41.9,4.61,0.62,L52
ITM10953,Automotive,299,67,11,4,28.36,3.88,0.23,L89
ITM10954,Electronics,357,84,13,6,2.52,4.22,0.34,L32
ITM10955,Electronics,338,94,7,3,23.61,8.14,0.43,L40
ITM10956,Automotive,221,30,10,8,23.68,8.92,0.23,L85
ITM10957,Automotive,380,27,13,6,27.65,2.86,0.14,L75
ITM10958,Groceries,76,64,8,2,33.88,8.45,0.89,L48
ITM10959,Electronics,411,38,14,2,1.95,4.86,0.11,L61
ITM10960,Pharma,237,33,12,5,25.6,3.1,0.16,L71
ITM10961,Apparel,81,83,10,6,29.83,9.86,0.82,L68
ITM10962,Apparel,176,26,13,3,17.82,8.34,0.35,L45
ITM10963,Automotive,221,27,14,2,33.75,9.95,0.75,L55
ITM10964,Groceries,36,51,5,7,12.18,2.1,0.23,L96
ITM10965,Apparel,341,93,5,3,16.55,1.87,0.31,L71
ITM10966,Electronics,25,54,7,7,48.18,5.28,0.62,L43
ITM10967,Automotive,77,91,13,4,18.06,6.57,0.99,L46
ITM10968,Pharma,344,26,12,7,17.98,2.13,0.17,L90
ITM10969,Automotive,431,82,5,9,30.19,8.67,0.46,L59
ITM10970,Pharma,337,23,10,2,48.58,5.55,0.14,L35
ITM10971,Automotive,188,58,12,5,49.17,4.4,0.28,L40
ITM10972,Automotive,472,38,14,4,29.4,6.22,0.92,L33
ITM10973,Automotive,101,13,10,6,1.05,6.53,0.19,L30
ITM10974,Pharma,493,91,4,3,45.13,0.91,0.87,L16
ITM10975,Pharma,487,29,14,2,28.94,10.0,0.26,L93
ITM10976,Automotive,444,56,6,4,18.93,3.96,0.88,L25
ITM10977,Apparel,452,18,12,4,41.63,1.08,0.58,L41
ITM10978,Groceries,238,86,3,9,20.59,8.6,0.89,L16
ITM10979,Groceries,196,88,6,2,2.67,9.93,0.24,L96
ITM10980,Groceries,223,36,14,6,41.23,8.26,0.79,L69
ITM10981,Pharma,90,24,13,6,27.75,8.59,0.71,L98
ITM10982,Pharma,406,28,6,5,17.57,6.45,0.59,L89
ITM10983,Apparel,285,99,12,8,13.29,9.26,0.83,L24
ITM10984,Groceries,117,61,11,7,30.1,0.84,0.68,L25
ITM10985,Groceries,364,35,5,6,11.19,7.78,0.89,L28
ITM10986,Automotive,310,98,4,9,16.87,6.87,0.44,L95
ITM10987,Pharma,227,35,11,5,32.19,0.97,0.63,L62
ITM10988,Groceries,21,35,11,7,44.2,5.67,0.88,L36
ITM10989,Apparel,143,55,3,4,27.11,5.39,0.29,L93
ITM10990,Apparel,299,58,8,2,38.2,7.07,0.54,L76
ITM10991,Groceries,93,91,12,6,38.39,1.24,0.96,L98
ITM10992,Pharma,185,62,10,5,33.55,8.15,0.53,L68
ITM10993,Apparel,41,12,5,4,13.05,1.82,0.33,L77
ITM10994,Automotive,173,75,13,6,43.47,4.48,0.42,L37
ITM10995,Apparel,446,51,11,3,22.38,8.87,0.9,L13
ITM10996,Electronics,458,28,4,8,3.17,5.83,0.96,L25
ITM10997,Electronics,314,26,8,4,12.99,4.11,0.96,L38
ITM10998,Pharma,238,42,3,9,38.51,0.96,0.73,L30
ITM10999,Groceries,176,85,9,9,4.39,6.89,0.56,L47
ITM11000,Pharma,249,58,5,6,8.22,9.87,0.26,L23
ITM11001,Pharma,39,65,9,9,35.02,9.16,0.21,L39
ITM11002,Pharma,494,72,6,4,44.74,7.31,0.15,L2
ITM11003,Pharma,60,12,11,2,32.05,1.5,0.12,L91
ITM11004,Automotive,457,58,7,2,11.89,2.77,0.89,L69
ITM11005,Automotive,167,64,5,8,3.62,2.28,0.83,L17
ITM11006,Apparel,127,35,10,2,31.14,3.88,0.61,L36
ITM11007,Electronics,422,81,8,7,3.32,2.74,1.0,L6
ITM11008,Pharma,103,61,4,3,31.02,2.82,0.96,L7
ITM11009,Apparel,386,16,5,2,12.05,6.36,0.69,L71
ITM11010,Electronics,341,55,10,9,45.33,3.53,0.52,L38
ITM11011,Groceries,433,55,12,3,24.28,6.93,0.24,L90
ITM11012,Automotive,328,25,9,2,11.97,9.5,0.56,L17
ITM11013,Electronics,309,33,12,7,42.8,6.57,0.24,L82
ITM11014,Groceries,425,70,8,9,13.45,7.64,0.46,L97
ITM11015,Electronics,342,63,3,4,16.02,7.64,0.95,L63
ITM11016,Automotive,153,71,11,6,41.88,3.64,0.41,L14
ITM11017,Automotive,226,10,5,6,16.13,0.64,0.24,L2
ITM11018,Apparel,302,58,7,2,21.1,1.02,0.62,L74
ITM11019,Pharma,285,34,9,6,18.04,3.18,0.64,L37
ITM11020,Electronics,92,19,9,2,6.7,7.05,0.27,L61
ITM11021,Electronics,371,89,5,2,2.91,9.11,0.28,L62
ITM11022,Groceries,67,25,6,9,36.5,9.61,0.99,L57
ITM11023,Automotive,345,67,12,8,32.61,0.75,0.32,L44
ITM11024,Electronics,252,81,9,5,14.84,9.91,0.85,L24
ITM11025,Automotive,462,38,10,5,15.48,3.56,0.52,L7
ITM11026,Electronics,119,15,4,8,47.31,8.51,0.49,L33
ITM11027,Apparel,78,25,11,5,49.4,2.21,0.37,L62
ITM11028,Pharma,277,29,9,3,24.2,1.1,0.8,L15
ITM11029,Electronics,432,89,10,5,40.32,4.09,0.89,L9
ITM11030,Automotive,471,80,8,2,37.1,8.66,0.34,L52
ITM11031,Apparel,84,87,8,7,15.57,2.6,0.19,L63
ITM11032,Electronics,102,52,11,7,3.87,1.96,0.22,L10
ITM11033,Groceries,173,35,6,4,7.99,9.14,0.81,L74
ITM11034,Pharma,492,99,13,9,42.08,9.41,0.49,L81
ITM11035,Electronics,285,87,13,5,36.83,0.62,0.22,L88
ITM11036,Apparel,328,80,7,7,33.55,7.41,0.41,L7
ITM11037,Groceries,98,42,11,5,7.4,3.44,0.56,L20
ITM11038,Apparel,334,35,3,9,32.36,4.06,0.87,L20
ITM11039,Apparel,169,54,6,4,38.84,4.96,0.68,L73
ITM11040,Groceries,454,93,9,7,43.17,4.55,0.26,L39
ITM11041,Apparel,67,72,13,2,1.65,5.39,0.24,L11
ITM11042,Groceries,424,76,11,3,34.54,6.03,0.47,L32
ITM11043,Electronics,398,61,13,8,1.94,4.92,0.17,L16
ITM11044,Groceries,267,77,14,8,35.64,7.16,0.78,L72
ITM11045,Groceries,297,35,12,8,32.15,7.33,0.46,L98
ITM11046,Pharma,375,84,8,5,8.27,4.68,0.41,L54
ITM11047,Groceries,117,11,14,7,38.54,1.85,0.56,L78
ITM11048,Groceries,433,23,10,9,4.35,6.59,0.74,L77
ITM11049,Electronics,44,39,11,9,41.49,7.84,0.61,L80
ITM11050,Pharma,303,58,12,7,13.83,6.56,0.82,L29
ITM11051,Automotive,468,21,6,4,34.75,6.09,0.67,L100
ITM11052,Electronics,388,99,3,2,46.26,2.68,0.81,L67
ITM11053,Electronics,320,53,10,6,17.65,6.63,0.73,L49
ITM11054,Automotive,87,42,4,7,25.64,3.68,0.27,L58
ITM11055,Groceries,26,22,13,3,23.69,9.24,0.15,L57
ITM11056,Apparel,324,87,3,4,8.72,6.71,0.91,L39
ITM11057,Pharma,156,97,9,7,29.93,3.14,0.95,L76
ITM11058,Apparel,183,35,14,7,37.41,4.99,0.75,L55
ITM11059,Automotive,102,30,12,4,45.93,8.54,0.75,L40
ITM11060,Electronics,404,37,11,4,42.69,3.69,0.34,L73
ITM11061,Electronics,157,57,13,5,25.99,5.49,0.59,L80
ITM11062,Pharma,439,49,14,7,36.23,6.96,0.99,L8
ITM11063,Electronics,92,75,14,6,40.24,7.67,0.87,L79
ITM11064,Electronics,256,82,11,3,25.18,2.15,0.37,L95
ITM11065,Pharma,65,96,5,2,6.66,5.87,0.37,L13
ITM11066,Pharma,125,88,8,2,22.46,9.17,0.54,L98
ITM11067,Automotive,435,86,9,6,42.28,9.7,0.46,L27
ITM11068,Electronics,307,32,12,9,30.24,6.73,0.43,L81
ITM11069,Electronics,281,90,11,4,36.5,9.84,0.66,L28
ITM11070,Automotive,195,57,4,4,10.08,5.92,0.11,L34
ITM11071,Groceries,185,11,10,9,48.25,4.7,0.79,L85
ITM11072,Groceries,164,93,9,4,20.8,5.74,0.77,L11
ITM11073,Groceries,349,29,6,9,33.03,1.6,0.85,L21
ITM11074,Automotive,389,68,4,7,1.92,4.32,0.86,L31
ITM11075,Electronics,302,55,10,9,7.24,4.85,0.61,L23
ITM11076,Automotive,73,12,13,4,39.32,8.56,0.8,L71
ITM11077,Automotive,197,64,7,4,48.43,7.71,0.54,L10
ITM11078,Groceries,438,21,8,7,16.68,6.21,0.96,L21
ITM11079,Apparel,263,49,13,9,2.82,3.8,0.27,L1
ITM11080,Electronics,360,75,9,7,18.68,2.28,0.92,L53
ITM11081,Groceries,146,87,12,6,1.86,3.8,0.33,L58
ITM11082,Apparel,428,25,3,5,10.43,6.96,0.19,L89
ITM11083,Apparel,431,92,10,7,37.87,3.0,0.5,L77
ITM11084,Pharma,386,43,6,3,46.92,4.56,0.65,L61
ITM11085,Electronics,290,53,11,4,5.29,4.17,0.31,L38
ITM11086,Apparel,151,15,3,5,28.34,7.77,0.6,L5
ITM11087,Groceries,112,86,13,2,13.44,8.9,0.83,L30
ITM11088,Pharma,398,73,4,6,7.81,7.14,0.33,L37
ITM11089,Electronics,92,31,8,9,11.73,3.75,0.62,L91
ITM11090,Automotive,430,27,13,5,29.31,4.62,0.41,L37
ITM11091,Groceries,429,21,12,7,4.19,1.86,0.58,L90
ITM11092,Apparel,422,61,13,4,22.28,2.1,0.7,L59
ITM11093,Apparel,267,60,3,4,7.63,2.06,0.42,L10
ITM11094,Groceries,367,80,6,4,14.36,1.74,1.0,L88
ITM11095,Apparel,292,57,10,5,10.35,2.21,0.61,L30
ITM11096,Pharma,62,28,12,4,44.27,2.43,0.84,L34
ITM11097,Electronics,396,15,7,7,35.69,1.56,0.75,L81
ITM11098,Pharma,60,93,11,9,43.55,6.58,0.87,L76
ITM11099,Apparel,189,36,13,5,19.79,9.91,0.26,L85
ITM11100,Automotive,453,62,13,4,16.36,8.85,0.3,L26
ITM11101,Electronics,231,57,8,2,19.65,0.93,0.54,L55
ITM11102,Electronics,187,16,3,2,1.91,4.52,0.87,L15
ITM11103,Groceries,58,68,8,3,36.51,8.66,0.28,L70
ITM11104,Groceries,388,78,8,4,18.14,1.78,0.97,L29
ITM11105,Automotive,264,20,8,4,16.35,8.55,0.21,L83
ITM11106,Electronics,170,24,10,5,30.31,6.13,0.26,L20
ITM11107,Automotive,130,73,8,5,22.38,9.35,0.25,L35
ITM11108,Groceries,499,12,7,8,49.06,8.82,0.63,L19
ITM11109,Groceries,455,78,13,9,18.46,6.93,0.93,L10
ITM11110,Electronics,66,32,4,4,31.08,6.75,0.33,L8
ITM11111,Pharma,82,62,6,3,16.27,2.53,0.6,L22
ITM11112,Apparel,244,46,12,9,49.54,1.61,0.26,L40
ITM11113,Groceries,385,18,7,4,22.81,4.45,0.67,L77
ITM11114,Groceries,88,24,12,9,32.07,2.27,0.21,L96
ITM11115,Pharma,318,12,6,7,7.21,1.47,0.54,L73
ITM11116,Pharma,451,79,4,5,36.92,3.37,0.69,L37
ITM11117,Automotive,309,26,9,4,14.19,8.67,0.62,L57
ITM11118,Automotive,315,35,12,9,22.98,0.66,0.23,L16
ITM11119,Apparel,222,30,12,5,44.27,3.28,0.25,L60
ITM11120,Apparel,80,81,4,4,48.56,4.53,0.7,L89
ITM11121,Electronics,453,30,3,6,21.8,5.35,0.83,L39
ITM11122,Automotive,470,20,7,5,41.91,2.22,0.92,L90
ITM11123,Groceries,337,47,14,9,3.61,9.66,0.83,L52
ITM11124,Automotive,333,81,3,3,42.53,6.0,0.98,L35
ITM11125,Groceries,180,97,3,6,31.85,5.46,0.47,L65
ITM11126,Pharma,350,44,3,7,24.95,0.58,0.4,L70
ITM11127,Automotive,35,23,8,4,44.61,5.11,0.13,L64
ITM11128,Pharma,357,23,11,8,42.42,8.46,0.5,L57
ITM11129,Apparel,113,19,12,7,15.55,2.59,0.69,L11
ITM11130,Apparel,323,21,13,5,39.78,3.84,0.83,L77
ITM11131,Electronics,157,47,14,6,5.88,0.7,0.34,L6
ITM11132,Automotive,357,43,3,7,41.32,9.78,0.56,L56
ITM11133,Pharma,57,50,7,3,34.1,1.13,0.7,L95
ITM11134,Groceries,146,19,11,8,5.31,9.03,0.6,L42
ITM11135,Apparel,294,26,11,5,34.47,3.47,0.35,L78
ITM11136,Apparel,183,26,3,6,29.45,6.08,0.82,L33
ITM11137,Groceries,462,76,10,7,30.13,6.95,0.26,L4
ITM11138,Pharma,338,71,3,6,15.25,1.84,0.91,L12
ITM11139,Pharma,96,10,10,6,14.06,4.72,0.96,L30
ITM11140,Automotive,193,21,3,7,38.36,3.59,0.43,L87
ITM11141,Automotive,406,13,14,2,13.58,1.04,0.44,L74
ITM11142,Electronics,477,51,7,4,22.87,8.42,0.77,L76
ITM11143,Apparel,377,22,10,9,35.04,0.93,0.51,L3
ITM11144,Automotive,340,94,8,5,4.9,6.71,0.13,L98
ITM11145,Pharma,395,95,11,5,30.13,3.48,0.93,L87
ITM11146,Groceries,110,13,3,8,29.88,2.33,0.49,L35
ITM11147,Pharma,257,91,11,8,34.53,6.84,0.28,L74
ITM11148,Apparel,283,78,3,8,19.13,5.96,0.6,L6
ITM11149,Pharma,198,28,12,5,23.0,3.49,0.3,L98
ITM11150,Electronics,228,11,12,6,17.17,5.37,0.29,L97
ITM11151,Apparel,92,21,5,8,40.6,2.84,0.59,L23
ITM11152,Groceries,409,90,3,7,7.4,8.71,0.45,L61
ITM11153,Electronics,126,83,5,4,48.18,3.48,0.62,L67
ITM11154,Apparel,364,15,14,3,32.11,2.83,1.0,L84
ITM11155,Groceries,314,17,13,5,44.46,7.64,0.87,L57
ITM11156,Electronics,388,60,4,7,21.89,0.67,0.11,L36
ITM11157,Electronics,463,20,4,4,17.28,3.05,0.15,L24
ITM11158,Apparel,303,72,11,4,45.14,4.07,0.65,L75
ITM11159,Automotive,372,66,10,2,5.84,8.88,0.66,L56
ITM11160,Electronics,201,21,3,9,6.74,9.53,0.89,L82
ITM11161,Electronics,56,82,14,7,15.67,7.31,0.67,L63
ITM11162,Groceries,156,11,6,5,48.03,5.18,0.3,L12
ITM11163,Pharma,357,17,3,8,32.02,6.59,0.52,L61
ITM11164,Apparel,75,20,3,6,28.16,4.43,0.83,L45
ITM11165,Apparel,206,62,14,8,35.56,3.34,0.93,L53
ITM11166,Automotive,360,19,14,4,21.46,9.53,0.31,L43
ITM11167,Automotive,277,94,6,4,38.15,1.6,0.59,L42
ITM11168,Apparel,464,93,4,3,20.27,3.79,0.24,L86
ITM11169,Automotive,77,17,5,8,41.49,9.04,0.55,L14
ITM11170,Groceries,382,45,13,9,14.1,7.37,0.18,L21
ITM11171,Apparel,142,85,11,9,14.6,0.78,0.95,L43
ITM11172,Automotive,207,23,4,2,26.6,0.72,0.67,L53
ITM11173,Apparel,249,63,6,9,22.11,5.41,0.87,L89
ITM11174,Pharma,187,94,3,4,32.76,5.1,1.0,L64
ITM11175,Electronics,439,95,4,4,18.85,4.71,0.26,L37
ITM11176,Apparel,133,30,7,9,12.3,3.37,0.72,L85
ITM11177,Electronics,271,59,12,6,24.02,9.87,0.9,L52
ITM11178,Automotive,126,48,3,6,28.49,3.08,0.62,L98
ITM11179,Electronics,56,29,13,9,7.99,5.16,0.68,L71
ITM11180,Apparel,354,97,9,3,28.28,4.35,0.47,L5
ITM11181,Pharma,111,96,6,7,16.64,2.12,0.71,L59
ITM11182,Automotive,37,16,8,3,20.23,2.42,0.46,L12
ITM11183,Apparel,373,18,10,3,14.69,9.22,0.53,L41
ITM11184,Automotive,82,10,8,9,46.64,8.65,0.19,L33
ITM11185,Groceries,169,35,4,6,34.48,2.39,0.11,L42
ITM11186,Electronics,158,47,3,8,13.86,8.82,0.15,L15
ITM11187,Groceries,205,47,10,8,32.61,2.49,0.27,L99
ITM11188,Apparel,204,70,10,9,42.58,6.45,0.51,L52
ITM11189,Pharma,224,53,11,8,20.68,1.27,0.12,L66
ITM11190,Automotive,279,95,8,7,41.67,8.86,0.24,L1
ITM11191,Electronics,233,53,14,6,8.57,0.99,0.8,L85
ITM11192,Automotive,275,83,3,9,41.32,5.77,0.79,L70
ITM11193,Apparel,154,71,11,2,27.47,7.91,0.81,L60
ITM11194,Automotive,80,15,14,5,11.93,1.61,0.93,L53
ITM11195,Electronics,382,26,5,5,20.95,4.34,0.21,L7
ITM11196,Apparel,329,60,13,9,49.41,0.9,0.25,L25
ITM11197,Automotive,107,47,8,9,39.39,6.99,0.4,L67
ITM11198,Pharma,343,33,12,2,29.18,3.42,0.92,L47
ITM11199,Apparel,495,60,12,8,6.64,5.81,0.8,L80
ITM11200,Apparel,226,19,13,5,21.47,9.36,0.39,L97
ITM11201,Pharma,148,81,14,7,13.89,3.41,0.18,L64
ITM11202,Groceries,330,30,11,9,4.48,0.96,0.65,L81
ITM11203,Electronics,22,79,13,6,27.57,6.92,0.33,L57
ITM11204,Groceries,481,94,5,5,44.57,7.97,0.58,L98
ITM11205,Automotive,441,66,7,7,34.1,9.6,0.95,L7
ITM11206,Pharma,261,48,7,6,13.23,2.0,0.62,L27
ITM11207,Groceries,140,97,12,9,29.11,4.23,0.93,L35
ITM11208,Apparel,404,42,9,7,47.22,8.52,0.45,L71
ITM11209,Automotive,121,68,6,2,36.42,8.17,0.67,L17
ITM11210,Automotive,57,27,13,9,34.78,6.44,0.9,L37
ITM11211,Groceries,360,65,6,3,48.44,3.06,0.63,L57
ITM11212,Groceries,432,66,9,2,40.14,3.2,0.65,L90
ITM11213,Pharma,152,85,11,5,7.69,1.68,0.74,L63
ITM11214,Electronics,221,57,13,6,18.03,9.26,0.89,L16
ITM11215,Groceries,367,51,6,7,48.29,2.14,0.18,L4
ITM11216,Groceries,40,36,6,5,25.0,5.94,0.4,L81
ITM11217,Apparel,261,83,8,5,6.47,6.05,0.46,L78
ITM11218,Automotive,474,61,8,9,23.47,4.01,0.92,L31
ITM11219,Electronics,470,51,9,3,35.15,3.85,0.96,L91
ITM11220,Apparel,128,41,3,8,49.88,6.85,0.21,L21
ITM11221,Pharma,322,35,13,5,16.87,4.19,0.21,L40
ITM11222,Pharma,103,34,5,3,26.19,2.92,0.94,L71
ITM11223,Groceries,102,84,11,6,44.1,4.29,0.37,L2
ITM11224,Groceries,310,32,8,6,18.41,8.17,0.32,L71
ITM11225,Pharma,471,66,8,7,6.35,9.68,0.13,L53
ITM11226,Groceries,88,61,7,8,47.5,6.54,0.35,L12
ITM11227,Electronics,148,96,13,3,24.93,7.93,0.72,L29
ITM11228,Groceries,215,40,5,2,25.64,5.56,0.48,L15
ITM11229,Automotive,159,73,13,6,31.44,6.44,0.57,L60
ITM11230,Groceries,463,80,7,9,1.17,9.89,0.93,L16
ITM11231,Apparel,302,42,3,8,46.63,4.66,0.2,L83
ITM11232,Electronics,331,94,5,7,18.71,1.13,0.16,L20
ITM11233,Apparel,253,11,6,2,20.45,9.59,0.87,L64
ITM11234,Apparel,42,27,7,6,9.53,8.03,0.8,L92
ITM11235,Automotive,172,56,12,6,19.53,4.28,0.34,L38
ITM11236,Electronics,296,42,11,7,40.39,9.83,0.39,L66
ITM11237,Electronics,80,93,6,7,40.2,3.78,0.38,L91
ITM11238,Electronics,338,44,5,4,46.85,4.04,0.68,L35
ITM11239,Electronics,397,60,12,9,20.76,6.29,0.16,L54
ITM11240,Electronics,71,27,3,5,35.73,3.11,0.54,L62
ITM11241,Automotive,363,97,12,5,25.85,7.14,0.22,L61
ITM11242,Groceries,172,81,8,2,40.4,1.95,0.84,L32
ITM11243,Apparel,256,39,9,5,35.91,1.53,0.44,L59
ITM11244,Electronics,330,53,12,2,19.03,5.58,0.57,L71
ITM11245,Groceries,321,62,10,8,17.5,5.78,0.13,L19
ITM11246,Groceries,51,19,14,6,13.37,1.51,0.15,L50
ITM11247,Apparel,74,96,3,4,29.25,9.66,0.71,L25
ITM11248,Automotive,371,61,14,4,48.23,5.95,0.79,L77
ITM11249,Pharma,408,58,6,9,10.8,1.93,0.74,L66
ITM11250,Pharma,55,20,13,9,5.67,3.46,0.76,L96
ITM11251,Groceries,129,75,7,6,6.85,8.1,0.19,L18
ITM11252,Apparel,196,67,4,7,39.37,5.47,0.72,L9
ITM11253,Pharma,381,99,3,9,18.16,2.29,0.26,L36
ITM11254,Groceries,333,45,10,9,11.99,1.48,0.19,L99
ITM11255,Automotive,314,42,8,3,18.29,4.59,0.78,L54
ITM11256,Pharma,355,56,7,3,32.62,3.71,0.9,L44
ITM11257,Groceries,116,22,11,5,27.79,6.73,0.75,L65
ITM11258,Groceries,388,49,13,7,37.44,9.29,0.83,L35
ITM11259,Electronics,232,98,13,2,17.61,2.85,0.99,L1
ITM11260,Automotive,336,77,4,8,23.15,8.62,0.22,L37
ITM11261,Electronics,156,51,12,4,6.0,9.24,0.97,L93
ITM11262,Apparel,25,28,14,5,4.58,9.07,0.64,L39
ITM11263,Electronics,128,91,10,9,23.65,9.54,0.83,L76
ITM11264,Electronics,54,28,13,6,15.78,8.5,0.69,L75
ITM11265,Pharma,58,67,12,7,31.03,6.14,0.61,L85
ITM11266,Groceries,169,32,11,9,3.11,4.39,0.73,L63
ITM11267,Automotive,444,63,3,4,6.97,5.17,0.39,L20
ITM11268,Electronics,137,89,9,2,43.39,8.79,0.93,L58
ITM11269,Automotive,280,74,10,2,28.75,3.36,0.2,L69
ITM11270,Electronics,445,21,5,3,35.89,2.01,0.39,L62
ITM11271,Apparel,106,33,6,5,42.26,1.84,0.13,L45
ITM11272,Electronics,484,43,5,9,23.73,8.36,0.34,L43
ITM11273,Pharma,95,62,9,6,38.29,7.73,0.3,L71
ITM11274,Groceries,490,17,11,4,26.7,5.23,0.14,L98
ITM11275,Apparel,483,27,5,9,11.91,3.11,0.54,L70
ITM11276,Electronics,470,66,8,8,17.55,6.94,0.52,L49
ITM11277,Automotive,433,14,10,2,25.03,0.87,0.17,L59
ITM11278,Apparel,332,35,8,9,16.53,5.9,0.34,L42
ITM11279,Apparel,402,39,4,4,17.44,4.29,0.96,L25
ITM11280,Electronics,233,63,9,6,17.53,9.79,0.2,L90
ITM11281,Apparel,476,22,4,4,7.02,5.32,0.37,L31
ITM11282,Automotive,304,92,4,5,5.15,5.75,0.13,L74
ITM11283,Apparel,258,38,4,3,3.28,7.27,0.23,L50
ITM11284,Automotive,184,12,13,4,6.44,5.1,0.73,L30
ITM11285,Electronics,106,99,3,7,17.84,2.63,0.43,L100
ITM11286,Groceries,160,67,13,9,30.1,5.6,0.51,L53
ITM11287,Apparel,179,85,3,3,10.22,9.47,0.24,L6
ITM11288,Groceries,65,11,9,6,44.51,4.39,0.71,L41
ITM11289,Automotive,391,84,14,3,40.61,6.96,0.78,L96
ITM11290,Apparel,131,37,7,4,26.51,9.79,0.26,L61
ITM11291,Pharma,426,91,13,4,36.49,8.38,0.14,L91
ITM11292,Groceries,64,86,5,7,18.95,6.76,0.17,L49
ITM11293,Apparel,420,95,3,2,2.8,7.49,0.69,L50
ITM11294,Groceries,266,85,13,9,45.31,9.4,0.22,L85
ITM11295,Apparel,123,11,12,7,7.26,9.62,0.54,L84
ITM11296,Electronics,104,16,8,4,47.45,9.71,0.24,L20
ITM11297,Groceries,469,35,13,8,29.02,6.44,0.25,L64
ITM11298,Pharma,153,99,3,3,15.97,4.15,0.1,L5
ITM11299,Pharma,127,97,11,7,25.28,1.76,0.39,L17
ITM11300,Automotive,37,85,4,7,25.58,4.16,0.18,L65
ITM11301,Apparel,113,25,3,9,2.14,9.46,0.45,L76
ITM11302,Groceries,169,32,14,8,18.42,8.95,0.64,L43
ITM11303,Automotive,265,49,9,8,37.25,5.47,0.43,L13
ITM11304,Groceries,308,69,8,8,25.99,5.6,0.73,L57
ITM11305,Apparel,433,82,8,9,12.97,3.43,0.77,L13
ITM11306,Pharma,228,41,7,2,17.42,4.82,0.73,L68
ITM11307,Electronics,145,24,13,4,43.29,7.29,0.94,L59
ITM11308,Pharma,254,22,6,4,26.75,4.32,0.31,L2
ITM11309,Automotive,435,14,13,6,26.89,2.29,0.27,L93
ITM11310,Electronics,445,84,6,9,48.11,5.64,0.65,L19
ITM11311,Automotive,481,83,5,2,16.72,2.64,0.64,L53
ITM11312,Apparel,141,61,12,6,24.5,9.76,0.56,L84
ITM11313,Electronics,157,86,10,6,40.77,4.21,0.1,L20
ITM11314,Automotive,134,50,9,6,38.19,9.14,0.6,L10
ITM11315,Apparel,439,62,11,9,14.02,2.64,0.94,L61
ITM11316,Pharma,181,59,3,5,8.4,2.3,0.4,L34
ITM11317,Apparel,220,24,9,6,35.33,6.36,0.97,L44
ITM11318,Groceries,253,16,12,7,13.63,7.9,0.42,L80
ITM11319,Apparel,47,49,6,3,46.21,5.88,0.23,L89
ITM11320,Apparel,30,37,9,7,7.33,2.68,0.46,L51
ITM11321,Groceries,225,41,14,7,16.6,0.86,0.55,L84
ITM11322,Automotive,186,24,3,4,3.68,6.37,0.67,L11
ITM11323,Automotive,266,94,7,5,35.46,1.74,0.55,L43
ITM11324,Apparel,66,79,5,9,44.67,3.76,0.58,L87
ITM11325,Groceries,265,74,7,6,32.16,6.92,0.12,L69
ITM11326,Groceries,146,13,6,4,46.95,1.43,0.33,L49
ITM11327,Pharma,166,20,4,2,7.3,1.71,0.38,L41
ITM11328,Automotive,137,35,13,2,5.3,1.09,0.99,L81
ITM11329,Electronics,418,70,6,9,42.08,9.96,0.37,L92
ITM11330,Automotive,401,46,5,4,42.92,4.18,0.91,L98
ITM11331,Automotive,431,32,3,3,41.72,9.11,0.37,L63
ITM11332,Pharma,171,94,14,9,40.15,3.29,0.19,L70
ITM11333,Electronics,91,49,12,4,18.75,7.66,0.32,L5
ITM11334,Pharma,382,86,10,4,11.66,2.58,0.35,L80
ITM11335,Electronics,156,32,7,5,46.51,5.23,0.98,L9
ITM11336,Apparel,194,25,6,9,16.04,8.33,0.71,L31
ITM11337,Electronics,308,70,12,2,20.52,8.26,0.94,L81
ITM11338,Pharma,465,77,14,2,35.28,8.05,0.85,L88
ITM11339,Automotive,38,89,7,6,15.37,8.33,0.62,L37
ITM11340,Electronics,214,40,6,7,41.14,2.51,0.71,L30
ITM11341,Electronics,349,62,5,9,4.43,5.08,0.66,L96
ITM11342,Groceries,443,34,7,4,39.77,5.11,0.7,L12
ITM11343,Automotive,194,53,6,9,30.49,8.96,0.34,L56
ITM11344,Apparel,468,21,3,4,29.08,3.32,0.47,L13
ITM11345,Pharma,432,99,14,3,23.46,9.35,0.63,L98
ITM11346,Apparel,453,18,5,9,14.58,4.78,0.13,L82
ITM11347,Automotive,373,21,12,8,23.74,6.86,0.53,L91
ITM11348,Electronics,160,78,12,8,23.05,3.05,0.87,L13
ITM11349,Electronics,265,63,10,2,29.6,4.4,0.54,L57
ITM11350,Automotive,404,63,9,3,14.8,7.24,0.6,L22
ITM11351,Electronics,437,37,4,5,4.8,5.37,0.28,L89
ITM11352,Electronics,112,65,3,6,8.11,9.34,0.81,L39
ITM11353,Electronics,451,78,5,3,35.26,7.5,0.42,L4
ITM11354,Pharma,258,86,7,2,2.1,5.86,0.96,L6
ITM11355,Pharma,224,67,12,5,42.97,8.92,0.99,L42
ITM11356,Groceries,67,87,13,4,35.03,6.82,0.92,L8
ITM11357,Apparel,452,84,14,5,38.64,6.65,0.18,L38
ITM11358,Automotive,264,51,3,7,41.96,2.84,0.4,L46
ITM11359,Automotive,339,47,5,9,7.01,4.25,0.95,L48
ITM11360,Automotive,336,77,5,3,41.3,6.99,0.82,L56
ITM11361,Groceries,432,62,7,2,25.73,8.97,0.92,L19
ITM11362,Pharma,314,42,5,3,44.39,3.5,0.62,L32
ITM11363,Groceries,147,80,11,4,44.44,2.55,0.53,L68
ITM11364,Automotive,363,65,3,8,2.18,6.14,0.2,L53
ITM11365,Apparel,301,81,6,4,19.76,1.14,0.86,L73
ITM11366,Electronics,36,60,12,2,26.79,7.29,0.77,L88
ITM11367,Pharma,90,83,12,7,34.24,7.18,0.15,L24
ITM11368,Pharma,288,52,6,6,15.02,3.87,0.29,L22
ITM11369,Groceries,344,24,3,9,13.35,8.98,0.6,L23
ITM11370,Pharma,301,47,4,9,19.68,5.27,0.72,L11
ITM11371,Automotive,324,24,13,5,25.55,6.63,0.22,L79
ITM11372,Automotive,470,14,3,5,47.61,2.49,0.32,L49
ITM11373,Groceries,26,92,8,4,38.34,4.46,0.27,L80
ITM11374,Automotive,333,63,5,3,22.04,8.69,0.3,L88
ITM11375,Apparel,324,60,9,8,3.66,2.52,0.93,L31
ITM11376,Groceries,122,19,7,3,9.26,4.21,0.74,L64
ITM11377,Apparel,328,21,11,7,23.34,3.52,0.76,L75
ITM11378,Electronics,212,13,9,6,40.88,1.94,0.81,L19
ITM11379,Apparel,260,27,6,9,19.65,3.25,0.42,L30
ITM11380,Electronics,81,89,7,3,27.39,2.71,0.79,L60
ITM11381,Electronics,36,45,7,9,44.7,9.27,0.98,L82
ITM11382,Apparel,190,34,13,5,45.78,7.54,0.73,L33
ITM11383,Groceries,44,96,7,9,11.57,3.5,0.48,L59
ITM11384,Automotive,270,85,12,8,3.14,7.75,0.74,L33
ITM11385,Automotive,272,45,11,9,15.97,0.71,0.91,L86
ITM11386,Electronics,406,76,12,3,35.09,5.5,0.22,L2
ITM11387,Electronics,226,18,5,8,47.6,2.88,0.34,L60
ITM11388,Groceries,48,70,8,9,4.77,1.59,0.93,L37
ITM11389,Pharma,136,62,10,6,2.4,8.9,0.95,L87
ITM11390,Apparel,435,27,13,5,44.32,2.39,0.54,L70
ITM11391,Electronics,301,52,11,9,37.66,8.31,0.44,L21
ITM11392,Automotive,399,44,9,8,49.62,4.43,0.35,L10
ITM11393,Groceries,163,72,14,3,20.44,0.64,0.55,L57
ITM11394,Apparel,44,87,5,5,21.39,7.46,0.94,L45
ITM11395,Groceries,329,13,3,4,9.44,6.17,0.23,L76
ITM11396,Apparel,175,50,6,4,6.68,3.77,0.48,L39
ITM11397,Apparel,92,54,8,7,29.36,3.17,0.92,L82
ITM11398,Electronics,139,59,5,4,18.85,1.2,0.41,L55
ITM11399,Groceries,331,88,3,3,4.94,9.44,0.79,L89
ITM11400,Groceries,340,37,8,6,44.46,5.19,0.45,L33
ITM11401,Automotive,112,51,3,5,10.72,1.31,0.82,L59
ITM11402,Automotive,105,89,11,8,37.68,8.75,0.98,L39
ITM11403,Electronics,355,85,13,2,14.83,3.15,0.45,L26
ITM11404,Electronics,444,78,14,4,40.83,2.43,0.86,L50
ITM11405,Pharma,383,10,3,4,6.8,3.17,0.99,L62
ITM11406,Automotive,454,48,8,2,38.05,5.86,0.99,L14
ITM11407,Apparel,137,99,3,8,5.81,1.2,0.49,L31
ITM11408,Groceries,252,26,14,8,22.9,5.08,0.54,L49
ITM11409,Electronics,218,97,9,2,36.97,9.01,0.37,L74
ITM11410,Groceries,225,44,5,8,9.49,2.29,0.38,L46
ITM11411,Groceries,432,55,8,3,15.0,3.65,0.54,L74
ITM11412,Pharma,358,51,9,8,43.37,4.26,0.28,L38
ITM11413,Automotive,166,48,3,5,44.37,6.07,0.74,L90
ITM11414,Electronics,469,99,3,8,3.2,9.23,0.58,L38
ITM11415,Groceries,444,58,7,9,9.24,4.25,0.91,L3
ITM11416,Electronics,448,71,8,9,6.76,1.16,0.83,L85
ITM11417,Apparel,290,47,11,4,9.8,3.81,0.39,L51
ITM11418,Pharma,406,32,3,6,48.54,2.31,0.56,L36
ITM11419,Apparel,158,31,6,3,28.03,6.69,0.78,L2
ITM11420,Electronics,200,13,12,3,23.94,0.78,0.27,L73
ITM11421,Electronics,449,58,10,8,49.24,3.27,0.13,L88
ITM11422,Automotive,49,68,12,6,28.29,5.68,0.87,L100
ITM11423,Groceries,76,82,11,6,33.39,3.13,0.22,L96
ITM11424,Groceries,251,77,5,7,17.31,5.73,0.9,L7
ITM11425,Apparel,165,80,13,6,19.72,1.59,0.92,L78
ITM11426,Pharma,454,96,4,8,30.13,9.46,0.51,L96
ITM11427,Groceries,403,11,6,8,4.42,3.26,0.83,L64
ITM11428,Automotive,67,58,4,2,13.54,9.27,0.43,L37
ITM11429,Apparel,213,97,3,4,10.64,3.6,0.87,L100
ITM11430,Apparel,243,40,14,9,1.78,7.93,0.84,L30
ITM11431,Automotive,155,49,5,7,27.31,2.84,0.17,L78
ITM11432,Pharma,41,57,9,8,28.49,6.86,0.62,L46
ITM11433,Automotive,25,60,3,2,19.81,3.58,0.68,L29
ITM11434,Pharma,223,52,4,7,14.17,5.34,0.1,L82
ITM11435,Automotive,258,64,3,4,32.95,6.9,0.98,L25
ITM11436,Automotive,204,97,10,7,7.6,6.09,0.47,L80
ITM11437,Electronics,379,58,7,2,26.41,5.97,0.57,L33
ITM11438,Apparel,311,99,10,5,38.64,1.12,0.28,L87
ITM11439,Automotive,354,89,5,9,9.05,2.87,0.65,L97
ITM11440,Automotive,239,66,14,8,37.91,5.93,0.83,L93
ITM11441,Groceries,135,86,9,9,38.28,0.67,0.63,L99
ITM11442,Apparel,332,24,10,4,3.94,2.88,0.81,L85
ITM11443,Groceries,68,36,8,3,1.92,2.68,0.76,L88
ITM11444,Apparel,192,77,9,4,48.72,2.87,0.31,L18
ITM11445,Groceries,101,89,14,4,10.48,5.59,0.49,L81
ITM11446,Automotive,341,73,4,4,41.28,6.03,0.23,L13
ITM11447,Automotive,352,39,10,5,28.53,9.14,0.14,L81
ITM11448,Electronics,64,45,7,8,13.96,4.17,0.16,L83
ITM11449,Groceries,354,76,9,2,7.37,9.3,0.95,L6
ITM11450,Pharma,39,95,3,8,25.34,6.69,0.99,L40
ITM11451,Electronics,467,95,7,3,20.96,9.17,0.19,L57
ITM11452,Groceries,240,58,3,2,35.25,8.42,0.4,L5
ITM11453,Groceries,142,85,14,7,45.3,7.03,0.2,L75
ITM11454,Electronics,253,64,10,7,40.46,3.88,0.85,L47
ITM11455,Automotive,240,94,6,7,14.45,2.79,0.55,L94
ITM11456,Groceries,342,65,6,2,44.07,2.61,0.66,L17
ITM11457,Automotive,358,77,4,6,41.84,9.55,0.59,L12
ITM11458,Electronics,22,53,7,5,46.53,9.61,0.74,L38
ITM11459,Automotive,201,40,3,6,23.47,7.39,0.39,L42
ITM11460,Apparel,225,67,11,8,38.66,8.9,0.22,L96
ITM11461,Pharma,339,96,7,7,29.99,9.23,0.12,L54
ITM11462,Groceries,59,62,8,5,16.21,5.36,0.5,L23
ITM11463,Pharma,78,93,4,2,49.73,6.48,0.92,L26
ITM11464,Automotive,458,88,12,7,2.88,4.48,0.37,L17
ITM11465,Groceries,81,32,12,2,8.95,4.48,0.28,L70
ITM11466,Automotive,151,37,3,5,44.73,0.87,0.93,L47
ITM11467,Apparel,79,25,6,2,3.97,4.62,0.19,L68
ITM11468,Electronics,391,46,9,2,44.45,6.9,0.15,L65
ITM11469,Groceries,350,30,8,3,36.05,4.51,0.89,L35
ITM11470,Apparel,141,88,12,8,2.8,8.79,0.73,L22
ITM11471,Apparel,498,26,3,6,22.04,3.66,0.48,L33
ITM11472,Groceries,126,46,3,9,37.97,1.76,0.78,L62
ITM11473,Automotive,115,86,10,6,29.57,8.21,0.77,L38
ITM11474,Apparel,366,28,6,6,46.86,6.9,0.14,L96
ITM11475,Pharma,433,39,7,4,43.51,2.8,0.71,L44
ITM11476,Apparel,254,54,9,3,17.3,5.6,0.68,L15
ITM11477,Automotive,405,27,10,9,5.15,4.32,0.97,L60
ITM11478,Automotive,81,87,12,7,47.27,9.42,0.97,L10
ITM11479,Pharma,275,71,9,7,26.35,6.27,0.44,L19
ITM11480,Apparel,68,45,4,7,4.65,2.0,0.63,L97
ITM11481,Automotive,412,93,6,6,41.01,5.27,0.23,L29
ITM11482,Groceries,367,61,12,8,43.56,8.69,0.16,L87
ITM11483,Electronics,178,28,14,6,32.33,6.88,0.49,L93
ITM11484,Electronics,143,53,3,9,22.93,8.5,0.72,L87
ITM11485,Electronics,336,16,12,8,33.45,2.88,0.61,L51
ITM11486,Apparel,226,53,11,3,35.63,8.94,0.49,L72
ITM11487,Pharma,67,77,5,8,44.76,7.68,0.84,L47
ITM11488,Automotive,428,43,14,9,47.84,7.42,0.81,L12
ITM11489,Groceries,439,75,5,2,26.2,3.79,0.76,L51
ITM11490,Groceries,155,78,12,6,40.13,8.93,0.17,L2
ITM11491,Apparel,220,64,11,7,48.26,6.56,0.82,L34
ITM11492,Electronics,269,19,12,2,8.41,8.59,0.93,L69
ITM11493,Apparel,333,51,5,6,1.9,3.93,0.15,L16
ITM11494,Pharma,376,50,10,5,43.58,1.88,0.46,L59
ITM11495,Pharma,387,86,4,4,10.57,3.66,0.99,L48
ITM11496,Automotive,448,78,5,6,3.08,4.83,0.64,L87
ITM11497,Automotive,337,19,4,5,8.84,5.57,0.56,L96
ITM11498,Pharma,314,19,3,9,19.82,5.35,0.26,L87
ITM11499,Pharma,499,69,4,3,11.74,5.69,0.61,L34
ITM11500,Pharma,333,60,10,5,15.96,8.5,0.5,L75
ITM11501,Apparel,228,30,11,3,48.79,2.12,0.21,L49
ITM11502,Pharma,374,17,4,6,35.52,3.5,0.52,L82
ITM11503,Groceries,230,74,9,3,35.9,8.94,0.25,L48
ITM11504,Electronics,211,87,7,5,5.64,5.82,0.76,L14
ITM11505,Pharma,63,94,5,8,36.87,6.04,0.98,L87
ITM11506,Electronics,48,39,11,4,37.23,5.04,0.52,L30
ITM11507,Apparel,78,94,8,2,33.33,5.72,0.67,L61
ITM11508,Electronics,90,58,13,2,12.19,2.38,0.49,L4
ITM11509,Apparel,111,18,3,4,21.73,5.7,0.22,L80
ITM11510,Groceries,284,26,7,7,42.47,9.97,0.97,L72
ITM11511,Apparel,402,78,9,2,33.84,5.88,0.22,L42
ITM11512,Apparel,239,67,6,9,36.91,0.92,0.2,L79
ITM11513,Automotive,409,66,10,6,29.78,8.07,0.51,L29
ITM11514,Pharma,432,71,12,7,23.03,4.27,0.69,L83
ITM11515,Pharma,461,61,7,6,38.19,1.96,0.42,L9
ITM11516,Groceries,420,70,11,5,4.33,8.69,0.27,L82
ITM11517,Groceries,419,49,11,9,33.98,2.38,0.84,L60
ITM11518,Pharma,234,47,11,5,49.86,9.25,0.43,L90
ITM11519,Automotive,498,52,3,7,39.23,4.7,0.27,L39
ITM11520,Pharma,406,72,4,7,15.24,7.56,0.43,L84
ITM11521,Automotive,296,28,5,9,14.61,5.7,0.29,L53
ITM11522,Groceries,83,59,6,9,33.69,2.94,0.57,L15
ITM11523,Electronics,365,42,12,7,44.9,6.88,0.7,L18
ITM11524,Groceries,311,22,11,7,29.32,9.6,0.82,L6
ITM11525,Groceries,264,87,12,3,26.84,7.81,0.3,L5
ITM11526,Apparel,489,71,8,8,8.86,6.24,0.25,L39
ITM11527,Apparel,81,52,3,7,36.06,9.91,0.12,L64
ITM11528,Apparel,445,58,14,9,35.41,3.02,0.31,L15
ITM11529,Apparel,351,45,11,8,48.38,1.09,0.12,L13
ITM11530,Automotive,189,19,8,7,15.71,0.81,0.41,L31
ITM11531,Pharma,464,15,6,5,38.07,7.25,0.23,L69
ITM11532,Electronics,288,66,6,6,22.27,8.39,0.62,L18
ITM11533,Groceries,286,10,5,8,28.37,6.53,0.45,L50
ITM11534,Automotive,73,80,9,5,41.01,9.1,0.18,L59
ITM11535,Electronics,35,67,5,2,11.88,7.13,0.46,L48
ITM11536,Automotive,27,30,4,9,17.8,4.02,0.29,L86
ITM11537,Automotive,123,89,12,3,38.89,2.22,0.71,L96
ITM11538,Groceries,78,65,10,3,28.95,9.28,0.43,L90
ITM11539,Pharma,332,96,6,6,5.53,1.48,0.23,L70
ITM11540,Apparel,59,29,10,7,22.08,5.66,0.41,L54
ITM11541,Pharma,256,63,3,5,29.75,3.48,0.3,L76
ITM11542,Groceries,462,34,7,2,45.57,3.08,0.82,L96
ITM11543,Groceries,405,37,11,5,10.24,6.64,0.99,L94
ITM11544,Groceries,113,14,3,9,40.49,2.7,0.12,L20
ITM11545,Electronics,241,30,13,9,7.4,9.21,0.72,L54
ITM11546,Pharma,223,27,6,7,12.87,4.36,0.34,L84
ITM11547,Pharma,157,56,8,7,12.92,6.94,0.16,L13
ITM11548,Automotive,319,79,12,9,44.0,7.41,0.11,L63
ITM11549,Automotive,414,66,10,4,10.75,6.99,0.89,L79
ITM11550,Automotive,226,28,5,9,39.56,9.08,0.42,L53
ITM11551,Groceries,355,74,7,5,23.63,2.7,1.0,L36
ITM11552,Pharma,100,12,9,6,49.96,1.32,0.5,L5
ITM11553,Groceries,237,51,3,5,42.12,1.03,0.27,L89
ITM11554,Electronics,21,30,9,3,37.25,8.84,0.8,L48
ITM11555,Automotive,197,49,14,2,43.67,9.75,0.93,L28
ITM11556,Groceries,415,76,13,8,32.07,3.37,0.83,L57
ITM11557,Groceries,390,34,10,6,42.34,7.09,0.77,L57
ITM11558,Electronics,365,64,10,4,13.8,0.58,0.4,L31
ITM11559,Apparel,298,93,11,2,5.79,2.29,0.16,L47
ITM11560,Pharma,165,61,8,2,31.18,7.05,0.28,L13
ITM11561,Apparel,337,53,14,8,22.3,1.13,0.5,L88
ITM11562,Automotive,243,94,8,3,21.9,4.95,0.96,L48
ITM11563,Groceries,388,65,4,3,26.81,6.79,0.75,L70
ITM11564,Electronics,403,64,5,3,18.71,7.78,0.85,L83
ITM11565,Electronics,81,96,6,6,31.68,4.81,0.35,L46
ITM11566,Pharma,313,79,6,5,2.5,6.49,0.72,L8
ITM11567,Apparel,258,86,10,2,48.52,5.63,0.88,L51
ITM11568,Pharma,214,96,3,5,46.31,1.0,0.53,L36
ITM11569,Groceries,185,82,12,5,46.83,7.56,0.49,L25
ITM11570,Pharma,470,90,6,3,18.89,2.14,0.75,L16
ITM11571,Electronics,241,75,13,5,27.06,0.8,0.6,L59
ITM11572,Electronics,80,28,14,2,47.75,4.79,0.99,L12
ITM11573,Automotive,148,92,13,2,45.21,8.72,0.48,L85
ITM11574,Automotive,497,16,13,7,39.72,1.93,0.26,L28
ITM11575,Groceries,192,72,6,4,20.96,0.62,0.52,L83
ITM11576,Apparel,499,51,3,6,28.65,1.54,0.31,L82
ITM11577,Pharma,175,51,5,5,39.85,3.95,0.61,L77
ITM11578,Groceries,424,68,7,6,14.38,6.01,0.21,L3
ITM11579,Automotive,397,29,8,6,31.7,2.33,0.95,L7
ITM11580,Pharma,129,82,11,6,41.57,8.12,0.87,L43
ITM11581,Automotive,288,26,11,8,35.67,7.66,0.24,L32
ITM11582,Pharma,430,36,11,9,24.49,7.11,0.26,L17
ITM11583,Apparel,375,56,13,7,29.65,5.13,0.56,L73
ITM11584,Groceries,410,11,3,6,49.45,3.97,0.8,L27
ITM11585,Pharma,297,72,14,9,30.5,4.07,0.3,L9
ITM11586,Electronics,93,71,11,9,39.5,5.28,0.15,L98
ITM11587,Electronics,456,28,10,7,36.6,1.23,0.59,L71
ITM11588,Pharma,482,26,4,2,35.37,6.98,0.72,L27
ITM11589,Pharma,226,78,13,8,36.1,3.84,0.32,L76
ITM11590,Pharma,407,48,3,5,23.27,2.64,0.77,L28
ITM11591,Electronics,499,91,3,7,24.23,3.14,0.96,L30
ITM11592,Electronics,298,80,14,4,23.93,2.21,0.22,L43
ITM11593,Pharma,394,90,8,9,2.63,9.06,0.56,L100
ITM11594,Automotive,345,48,11,6,12.81,2.11,0.15,L19
ITM11595,Automotive,491,45,9,9,8.57,8.89,0.29,L77
ITM11596,Apparel,359,49,7,8,44.44,5.94,0.18,L1
ITM11597,Groceries,376,54,13,4,14.47,8.74,0.46,L36
ITM11598,Automotive,359,13,4,2,7.78,5.0,0.84,L19
ITM11599,Electronics,223,34,3,2,6.87,9.31,0.62,L17
ITM11600,Automotive,180,78,4,3,35.3,2.51,0.3,L70
ITM11601,Apparel,47,39,3,6,1.3,5.77,0.14,L33
ITM11602,Apparel,411,85,5,3,24.09,1.7,0.6,L23
ITM11603,Groceries,276,77,8,8,6.82,4.75,0.22,L15
ITM11604,Automotive,184,97,10,4,42.63,5.91,0.41,L85
ITM11605,Electronics,82,38,5,9,47.96,6.25,0.56,L4
ITM11606,Electronics,41,82,12,5,47.98,3.97,0.91,L17
ITM11607,Pharma,89,77,11,3,22.66,1.23,0.17,L2
ITM11608,Electronics,400,60,12,2,32.58,6.73,0.7,L46
ITM11609,Groceries,424,33,7,6,30.39,5.14,0.11,L31
ITM11610,Groceries,115,23,9,9,18.15,1.8,0.67,L76
ITM11611,Electronics,182,78,10,4,22.76,9.39,0.6,L42
ITM11612,Electronics,98,27,5,7,4.15,9.58,0.83,L3
ITM11613,Pharma,24,51,4,8,39.99,8.64,0.58,L23
ITM11614,Electronics,335,66,4,8,12.8,8.52,0.42,L34
ITM11615,Pharma,139,92,7,2,23.57,1.44,0.32,L7
ITM11616,Pharma,321,21,3,7,24.55,9.94,0.18,L17
ITM11617,Electronics,197,91,4,8,28.47,4.3,0.58,L95
ITM11618,Apparel,195,26,11,5,41.08,2.05,0.9,L54
ITM11619,Apparel,409,39,9,9,34.9,8.21,0.56,L68
ITM11620,Pharma,236,97,8,6,33.49,2.64,0.77,L15
ITM11621,Electronics,75,84,11,9,26.81,5.5,0.37,L96
ITM11622,Apparel,385,32,9,5,5.7,1.72,0.5,L9
ITM11623,Electronics,206,90,13,8,20.7,5.01,0.39,L61
ITM11624,Electronics,251,10,7,5,47.91,5.8,0.2,L58
ITM11625,Electronics,274,88,11,9,49.78,4.74,0.48,L100
ITM11626,Automotive,432,41,8,8,36.79,1.16,0.79,L47
ITM11627,Electronics,474,18,8,6,12.15,5.11,0.46,L66
ITM11628,Automotive,123,24,13,6,5.99,4.95,0.69,L76
ITM11629,Pharma,96,37,6,7,21.32,2.99,0.78,L14
ITM11630,Apparel,249,33,14,5,42.97,9.26,0.39,L58
ITM11631,Apparel,421,69,3,4,36.37,4.47,0.82,L65
ITM11632,Apparel,277,44,7,7,44.31,8.71,0.41,L29
ITM11633,Apparel,283,95,13,6,31.17,1.54,0.33,L79
ITM11634,Apparel,350,36,11,2,7.39,3.53,0.3,L6
ITM11635,Apparel,201,92,10,8,6.63,2.18,0.28,L94
ITM11636,Apparel,400,85,10,7,3.35,4.38,0.76,L85
ITM11637,Pharma,275,29,7,3,28.79,1.56,0.9,L67
ITM11638,Electronics,57,74,14,4,12.9,4.69,0.31,L39
ITM11639,Groceries,195,94,11,8,36.98,3.86,0.18,L59
ITM11640,Automotive,46,58,5,7,34.63,2.62,0.38,L83
ITM11641,Groceries,295,10,5,6,16.59,6.6,0.69,L4
ITM11642,Groceries,159,19,3,9,9.66,9.53,0.43,L8
ITM11643,Electronics,318,56,11,6,6.02,2.47,0.59,L62
ITM11644,Electronics,464,68,8,4,37.13,7.26,0.77,L52
ITM11645,Electronics,306,71,4,3,23.07,7.55,0.47,L55
ITM11646,Apparel,110,95,10,7,16.85,5.23,1.0,L88
ITM11647,Pharma,499,27,14,9,42.98,9.03,0.37,L14
ITM11648,Apparel,80,55,11,7,30.09,9.68,0.98,L63
ITM11649,Pharma,477,41,11,5,26.38,3.94,0.28,L92
ITM11650,Pharma,470,36,4,2,37.43,6.68,0.2,L57
ITM11651,Groceries,384,27,4,6,40.96,6.79,0.78,L10
ITM11652,Groceries,366,48,9,7,34.62,4.33,0.73,L11
ITM11653,Pharma,182,58,13,7,22.56,3.51,0.83,L42
ITM11654,Pharma,370,91,6,8,19.59,9.37,0.41,L78
ITM11655,Apparel,162,53,3,8,38.81,8.0,0.94,L19
ITM11656,Apparel,419,81,10,7,26.38,1.59,0.21,L9
ITM11657,Groceries,272,63,4,3,35.51,1.64,0.13,L17
ITM11658,Electronics,288,43,5,2,44.63,9.26,0.37,L36
ITM11659,Pharma,388,80,7,7,45.88,1.27,0.82,L80
ITM11660,Apparel,310,45,5,4,14.61,7.04,0.71,L82
ITM11661,Groceries,478,27,9,6,10.21,2.65,0.49,L75
ITM11662,Apparel,206,47,9,5,13.8,0.83,0.33,L71
ITM11663,Pharma,424,68,4,8,37.82,1.07,0.15,L92
ITM11664,Pharma,457,18,9,4,19.13,4.05,0.4,L42
ITM11665,Automotive,478,82,13,6,9.5,1.24,0.51,L49
ITM11666,Electronics,433,81,8,9,5.82,6.17,0.72,L77
ITM11667,Automotive,323,60,12,8,17.04,6.65,0.68,L68
ITM11668,Groceries,310,44,11,3,7.67,4.05,0.95,L38
ITM11669,Apparel,105,91,11,8,8.66,7.56,0.19,L59
ITM11670,Groceries,185,14,4,2,34.51,5.16,0.4,L65
ITM11671,Pharma,434,23,9,2,1.97,4.59,0.53,L78
ITM11672,Automotive,481,39,7,6,6.76,4.37,0.7,L56
ITM11673,Automotive,427,13,8,4,42.37,4.6,0.55,L13
ITM11674,Automotive,133,48,3,5,42.4,9.69,0.92,L90
ITM11675,Groceries,452,93,9,3,17.13,6.97,0.65,L15
ITM11676,Pharma,499,73,8,6,5.31,3.49,0.14,L84
ITM11677,Apparel,375,34,6,9,35.54,7.47,0.2,L84
ITM11678,Apparel,435,37,3,3,18.65,3.64,0.78,L99
ITM11679,Groceries,202,85,11,2,3.23,1.69,0.74,L71
ITM11680,Automotive,226,75,6,7,8.73,5.02,0.24,L93
ITM11681,Electronics,275,87,4,7,7.72,7.63,0.15,L28
ITM11682,Groceries,254,31,10,5,29.87,4.09,0.62,L56
ITM11683,Groceries,461,40,4,3,45.01,8.76,0.67,L58
ITM11684,Pharma,374,32,7,6,39.86,4.18,0.22,L30
ITM11685,Apparel,22,57,13,5,27.78,3.82,0.53,L53
ITM11686,Groceries,227,29,8,8,21.69,9.98,0.38,L44
ITM11687,Groceries,216,47,13,8,31.32,5.08,0.94,L59
ITM11688,Automotive,360,64,10,9,22.75,8.15,0.3,L52
ITM11689,Automotive,144,77,13,4,13.06,8.15,0.76,L54
ITM11690,Electronics,157,88,3,7,34.28,9.3,0.57,L94
ITM11691,Pharma,358,97,3,6,43.79,1.31,0.11,L13
ITM11692,Electronics,44,98,14,3,19.27,3.08,0.57,L41
ITM11693,Automotive,87,10,6,5,42.24,7.79,0.19,L55
ITM11694,Apparel,80,16,7,6,22.12,5.84,0.69,L41
ITM11695,Automotive,48,66,11,5,20.67,5.82,0.61,L86
ITM11696,Pharma,402,21,13,5,2.39,2.08,0.11,L33
ITM11697,Automotive,38,14,9,5,35.07,3.17,0.28,L48
ITM11698,Pharma,190,59,9,3,40.57,5.45,0.8,L20
ITM11699,Pharma,469,51,10,6,33.51,3.13,0.35,L88
ITM11700,Pharma,93,21,7,2,8.42,2.5,0.55,L61
ITM11701,Pharma,80,27,7,2,6.06,1.33,0.38,L9
ITM11702,Pharma,446,75,3,3,29.07,1.98,0.93,L12
ITM11703,Apparel,172,83,11,8,20.67,7.8,0.58,L11
ITM11704,Electronics,295,88,8,3,22.03,7.33,0.73,L12
ITM11705,Groceries,67,26,11,7,48.42,0.94,0.18,L56
ITM11706,Electronics,230,77,5,5,36.47,2.43,0.14,L13
ITM11707,Pharma,362,80,7,6,21.18,5.82,0.33,L96
ITM11708,Apparel,427,71,4,6,1.94,3.56,0.38,L95
ITM11709,Automotive,158,50,12,4,2.67,8.32,0.72,L48
ITM11710,Apparel,129,43,7,4,34.56,7.96,0.61,L17
ITM11711,Pharma,202,79,10,9,42.05,8.97,0.44,L72
ITM11712,Apparel,47,54,13,2,35.68,5.85,0.69,L8
ITM11713,Apparel,216,67,4,4,20.89,3.84,0.25,L76
ITM11714,Pharma,210,60,10,4,2.53,6.26,0.16,L72
ITM11715,Apparel,334,43,6,2,48.4,1.35,0.87,L72
ITM11716,Groceries,408,53,12,7,49.33,0.59,0.61,L43
ITM11717,Groceries,70,24,12,8,27.92,0.66,0.68,L86
ITM11718,Apparel,168,87,3,2,4.46,4.37,0.38,L16
ITM11719,Automotive,287,79,7,8,27.51,2.67,0.43,L53
ITM11720,Pharma,69,59,3,9,44.72,1.99,0.17,L46
ITM11721,Groceries,407,41,9,4,34.32,6.35,0.87,L86
ITM11722,Automotive,265,76,10,6,36.28,9.95,0.63,L97
ITM11723,Apparel,132,12,5,4,5.16,2.19,0.18,L55
ITM11724,Automotive,189,95,5,5,6.22,5.69,0.82,L93
ITM11725,Electronics,487,95,9,9,7.24,1.64,0.5,L7
ITM11726,Groceries,185,83,6,8,45.31,9.38,0.79,L37
ITM11727,Apparel,428,60,5,8,26.77,3.27,0.11,L77
ITM11728,Pharma,33,76,10,5,39.79,8.84,0.13,L40
ITM11729,Apparel,222,85,5,5,6.65,3.19,0.25,L46
ITM11730,Pharma,307,57,9,7,46.45,8.16,0.29,L14
ITM11731,Apparel,414,26,4,3,41.24,2.49,0.79,L74
ITM11732,Automotive,208,16,13,5,12.01,3.28,0.74,L65
ITM11733,Automotive,421,22,13,8,43.83,2.33,0.65,L28
ITM11734,Automotive,174,75,3,6,13.91,3.01,0.9,L20
ITM11735,Electronics,74,13,14,8,11.06,8.43,0.32,L85
ITM11736,Pharma,201,19,8,8,13.95,6.57,0.91,L62
ITM11737,Automotive,229,97,10,7,45.59,4.36,0.92,L29
ITM11738,Electronics,395,26,3,3,45.86,9.73,0.49,L14
ITM11739,Pharma,490,61,12,3,17.12,4.92,0.18,L45
ITM11740,Apparel,94,15,14,5,35.57,9.71,0.75,L72
ITM11741,Electronics,296,92,11,9,34.11,2.37,0.4,L48
ITM11742,Groceries,447,78,5,4,40.52,9.09,0.82,L15
ITM11743,Electronics,152,83,5,8,15.53,0.63,0.25,L98
ITM11744,Electronics,362,18,6,2,26.0,5.68,0.59,L36
ITM11745,Pharma,444,86,13,4,33.72,4.52,0.56,L74
ITM11746,Apparel,78,92,3,4,2.29,5.49,0.19,L29
ITM11747,Groceries,364,30,11,3,19.46,5.76,0.43,L55
ITM11748,Automotive,201,33,13,3,35.1,4.2,0.18,L72
ITM11749,Automotive,477,13,5,7,13.38,9.98,0.52,L99
ITM11750,Electronics,425,33,12,7,47.93,9.78,0.86,L80
ITM11751,Pharma,358,68,6,3,2.48,9.64,0.34,L79
ITM11752,Pharma,340,12,3,6,47.95,9.8,0.79,L87
ITM11753,Automotive,83,77,6,6,11.62,8.03,0.27,L83
ITM11754,Groceries,346,49,3,2,3.39,9.89,0.71,L72
ITM11755,Apparel,279,57,7,3,15.33,8.98,0.92,L4
ITM11756,Groceries,212,63,7,5,39.53,4.45,0.39,L78
ITM11757,Apparel,162,44,13,7,37.87,7.96,0.91,L85
ITM11758,Automotive,123,65,9,3,11.23,9.16,0.55,L89
ITM11759,Apparel,479,98,10,6,10.64,7.27,0.39,L35
ITM11760,Pharma,425,49,6,3,32.49,4.52,0.91,L4
ITM11761,Electronics,233,86,9,6,23.45,1.13,0.13,L24
ITM11762,Electronics,261,77,6,3,39.82,8.19,0.13,L35
ITM11763,Automotive,450,55,5,8,2.18,9.55,0.64,L90
ITM11764,Pharma,228,87,8,5,30.91,3.94,0.82,L98
ITM11765,Groceries,112,22,6,9,36.8,1.94,0.78,L40
ITM11766,Pharma,449,36,5,2,49.68,3.6,0.17,L44
ITM11767,Electronics,161,15,11,8,34.26,6.03,0.96,L45
ITM11768,Electronics,453,26,7,5,12.36,3.51,0.73,L1
ITM11769,Pharma,423,45,9,6,6.3,6.3,0.95,L24
ITM11770,Pharma,453,90,14,7,32.4,9.69,0.4,L19
ITM11771,Electronics,131,11,8,7,26.64,6.87,0.72,L73
ITM11772,Groceries,436,86,12,4,45.06,3.95,0.87,L85
ITM11773,Automotive,394,61,7,5,36.6,9.39,0.44,L52
ITM11774,Automotive,78,75,9,3,25.98,5.87,0.97,L9
ITM11775,Pharma,62,61,13,2,20.78,1.72,0.34,L19
ITM11776,Automotive,226,52,8,3,20.81,5.24,0.38,L95
ITM11777,Electronics,287,99,12,3,12.09,6.71,0.93,L82
ITM11778,Electronics,315,31,4,5,1.85,8.46,0.97,L4
ITM11779,Pharma,137,64,5,9,29.17,9.4,0.36,L12
ITM11780,Pharma,39,76,4,2,11.41,3.52,0.22,L96
ITM11781,Pharma,241,69,14,4,11.21,1.98,0.78,L68
ITM11782,Groceries,185,67,5,8,7.14,1.2,0.94,L28
ITM11783,Automotive,150,21,3,3,10.29,7.51,0.64,L49
ITM11784,Pharma,175,97,10,2,2.56,8.05,0.67,L54
ITM11785,Apparel,203,78,8,4,34.04,4.39,0.79,L59
ITM11786,Apparel,109,93,4,8,20.67,4.26,0.24,L44
ITM11787,Electronics,113,48,10,3,28.51,9.57,0.98,L21
ITM11788,Automotive,32,22,8,2,32.21,9.21,0.43,L48
ITM11789,Pharma,480,50,9,8,48.65,2.72,0.67,L40
ITM11790,Apparel,341,66,13,5,4.35,7.92,0.52,L93
ITM11791,Automotive,312,62,3,9,21.48,6.42,0.52,L42
ITM11792,Electronics,452,21,9,7,13.05,1.97,0.73,L100
ITM11793,Groceries,249,22,5,7,24.36,3.89,1.0,L73
ITM11794,Automotive,341,83,13,3,46.1,2.19,0.69,L77
ITM11795,Automotive,311,66,14,3,36.48,3.3,0.81,L11
ITM11796,Groceries,457,49,10,8,33.44,6.35,0.12,L7
ITM11797,Automotive,45,89,8,2,22.62,4.07,0.83,L20
ITM11798,Electronics,94,54,6,7,33.88,4.24,0.37,L21
ITM11799,Electronics,475,44,13,3,2.59,5.63,0.21,L97
ITM11800,Groceries,383,12,10,4,29.73,1.33,0.2,L80
ITM11801,Pharma,443,14,11,3,28.14,7.52,0.71,L7
ITM11802,Apparel,318,99,12,7,17.99,4.32,1.0,L87
ITM11803,Pharma,169,20,4,6,10.87,5.06,0.7,L11
ITM11804,Automotive,167,80,8,9,40.57,9.76,0.34,L35
ITM11805,Apparel,27,65,7,7,3.64,3.77,0.28,L57
ITM11806,Groceries,48,19,7,4,4.41,6.66,0.57,L85
ITM11807,Groceries,315,43,12,2,22.59,4.23,0.16,L55
ITM11808,Apparel,493,76,13,4,13.38,9.0,0.46,L63
ITM11809,Electronics,433,81,5,6,37.53,8.54,0.7,L78
ITM11810,Apparel,228,40,14,6,32.08,2.8,0.97,L57
ITM11811,Automotive,147,84,10,3,38.85,7.07,0.48,L54
ITM11812,Electronics,359,80,10,3,16.91,1.12,0.28,L35
ITM11813,Groceries,135,75,14,7,37.29,9.65,0.84,L28
ITM11814,Apparel,458,79,7,5,43.25,3.82,0.77,L97
ITM11815,Pharma,163,50,10,9,17.92,8.4,0.87,L66
ITM11816,Pharma,449,72,12,4,17.65,3.53,0.29,L15
ITM11817,Automotive,337,41,10,7,45.1,6.51,0.46,L45
ITM11818,Pharma,254,29,5,5,3.44,9.84,0.98,L56
ITM11819,Apparel,26,66,4,7,18.16,8.83,0.24,L15
ITM11820,Apparel,483,59,11,9,6.81,2.02,0.7,L37
ITM11821,Pharma,64,89,4,9,2.42,5.7,0.31,L87
ITM11822,Apparel,462,34,11,6,6.53,3.81,0.55,L87
ITM11823,Automotive,258,21,6,3,22.13,4.63,0.82,L76
ITM11824,Electronics,459,80,14,3,34.66,3.68,0.54,L63
ITM11825,Automotive,451,48,4,9,15.17,3.69,0.82,L68
ITM11826,Automotive,174,26,12,7,42.63,5.65,0.48,L86
ITM11827,Apparel,200,54,3,9,22.44,2.32,1.0,L40
ITM11828,Electronics,234,20,6,3,48.44,5.61,0.49,L6
ITM11829,Apparel,107,79,11,2,47.75,3.15,0.23,L29
ITM11830,Groceries,275,32,14,7,38.89,3.25,0.46,L51
ITM11831,Apparel,92,79,11,6,46.69,7.52,0.77,L77
ITM11832,Apparel,438,47,6,8,35.65,0.78,0.86,L8
ITM11833,Apparel,198,11,11,7,44.88,4.12,0.51,L1
ITM11834,Electronics,231,95,14,7,12.59,4.37,0.64,L27
ITM11835,Apparel,312,93,8,3,17.93,5.11,0.86,L39
ITM11836,Electronics,253,98,3,6,37.89,6.86,0.83,L28
ITM11837,Pharma,484,88,12,7,21.8,4.01,0.69,L99
ITM11838,Groceries,258,81,8,3,42.03,2.52,0.83,L18
ITM11839,Electronics,242,46,11,9,44.0,8.91,0.62,L98
ITM11840,Pharma,138,58,4,4,15.69,9.82,0.1,L33
ITM11841,Electronics,332,61,8,6,41.35,0.69,0.14,L38
ITM11842,Electronics,283,42,4,5,8.56,5.69,0.98,L42
ITM11843,Groceries,226,31,6,2,17.38,3.75,0.23,L16
ITM11844,Automotive,114,14,10,5,26.38,3.13,0.46,L1
ITM11845,Automotive,392,27,9,8,12.1,3.69,0.94,L64
ITM11846,Electronics,241,47,13,9,29.38,6.57,0.28,L96
ITM11847,Apparel,385,46,14,6,29.36,2.31,0.86,L56
ITM11848,Pharma,295,73,11,7,11.14,9.17,0.84,L23
ITM11849,Apparel,399,19,9,3,39.99,4.93,0.99,L17
ITM11850,Apparel,250,88,3,8,31.95,3.59,0.35,L49
ITM11851,Electronics,328,51,4,6,16.57,7.77,0.38,L69
ITM11852,Electronics,138,57,8,2,12.38,0.66,0.91,L91
ITM11853,Electronics,287,53,9,6,44.06,4.6,0.31,L30
ITM11854,Electronics,452,91,5,8,41.95,3.88,0.59,L65
ITM11855,Automotive,292,96,11,3,12.26,3.71,0.74,L72
ITM11856,Electronics,83,25,9,5,2.74,3.7,0.34,L86
ITM11857,Automotive,317,63,8,4,40.42,0.8,0.94,L46
ITM11858,Automotive,369,44,8,5,31.16,1.95,0.7,L10
ITM11859,Electronics,432,37,3,3,5.94,1.85,0.14,L51
ITM11860,Groceries,422,11,7,8,29.78,9.89,0.22,L95
ITM11861,Pharma,30,22,12,3,23.16,0.71,0.27,L6
ITM11862,Apparel,117,50,5,9,38.95,2.09,0.32,L56
ITM11863,Automotive,453,89,9,2,11.25,9.75,0.76,L3
ITM11864,Pharma,90,68,12,6,23.2,6.47,0.18,L59
ITM11865,Groceries,383,78,5,9,8.66,4.78,0.42,L10
ITM11866,Apparel,77,62,7,6,47.92,1.25,0.92,L41
ITM11867,Apparel,309,54,9,5,39.16,6.86,0.6,L74
ITM11868,Automotive,270,29,5,8,37.1,1.81,0.34,L55
ITM11869,Electronics,295,33,12,4,34.82,6.88,0.96,L74
ITM11870,Groceries,69,70,4,4,21.74,9.8,0.32,L52
ITM11871,Automotive,377,67,8,2,46.24,5.55,0.91,L91
ITM11872,Groceries,235,36,10,3,4.57,2.53,0.75,L82
ITM11873,Electronics,413,35,6,2,40.36,6.44,0.77,L54
ITM11874,Electronics,435,16,11,6,11.55,5.37,0.79,L38
ITM11875,Automotive,71,51,14,7,16.88,5.56,0.56,L15
ITM11876,Electronics,290,56,14,7,26.45,5.04,0.83,L52
ITM11877,Pharma,103,62,10,7,39.35,6.9,0.85,L3
ITM11878,Apparel,406,68,9,3,42.09,5.93,0.42,L42
ITM11879,Automotive,312,47,9,2,29.6,9.88,0.46,L22
ITM11880,Groceries,145,78,5,9,20.75,8.35,0.9,L80
ITM11881,Pharma,315,96,8,8,47.38,3.01,0.57,L59
ITM11882,Automotive,91,62,7,5,13.08,7.39,0.88,L89
ITM11883,Electronics,315,24,3,6,40.35,2.54,0.66,L47
ITM11884,Electronics,255,35,13,7,30.99,7.93,0.63,L12
ITM11885,Electronics,75,57,5,8,19.47,1.9,0.13,L56
ITM11886,Electronics,426,28,14,4,1.07,5.0,0.35,L14
ITM11887,Groceries,379,18,3,9,22.88,8.01,0.55,L32
ITM11888,Pharma,414,73,6,2,14.56,3.16,0.63,L56
ITM11889,Apparel,129,63,12,6,6.11,8.45,0.67,L76
ITM11890,Groceries,211,60,5,6,4.68,6.62,0.74,L52
ITM11891,Groceries,411,48,13,4,18.03,4.28,0.69,L68
ITM11892,Apparel,112,13,6,9,31.12,4.52,0.86,L11
ITM11893,Apparel,369,12,11,4,42.04,9.3,0.37,L51
ITM11894,Electronics,75,73,5,4,9.99,2.57,0.68,L40
ITM11895,Groceries,79,38,14,7,21.81,7.09,0.15,L96
ITM11896,Automotive,157,20,8,9,20.21,7.22,0.53,L44
ITM11897,Apparel,58,67,8,7,26.16,9.26,0.34,L29
ITM11898,Apparel,47,84,9,2,40.67,7.28,0.44,L43
ITM11899,Pharma,68,36,11,4,28.13,6.05,0.42,L100
ITM11900,Automotive,439,30,14,5,42.49,9.07,0.15,L22
ITM11901,Automotive,144,48,9,6,26.41,8.38,0.52,L10
ITM11902,Apparel,32,55,3,9,30.59,7.31,1.0,L66
ITM11903,Electronics,499,75,10,4,22.43,0.81,0.37,L82
ITM11904,Pharma,55,45,7,9,41.33,4.05,0.76,L15
ITM11905,Automotive,120,84,11,6,46.27,6.5,0.59,L68
ITM11906,Apparel,301,91,12,3,32.32,5.46,0.39,L66
ITM11907,Automotive,105,74,14,8,41.22,3.53,0.18,L25
ITM11908,Pharma,23,72,7,3,3.89,1.87,0.29,L100
ITM11909,Pharma,242,44,7,4,45.4,5.75,0.8,L45
ITM11910,Groceries,357,40,14,6,10.26,3.22,0.35,L45
ITM11911,Apparel,467,37,14,8,13.57,2.71,0.23,L94
ITM11912,Pharma,185,10,4,3,3.61,4.29,0.4,L83
ITM11913,Groceries,402,34,14,4,48.3,7.96,0.63,L19
ITM11914,Groceries,363,52,13,6,42.75,5.13,0.73,L31
ITM11915,Automotive,402,93,5,4,45.75,2.56,0.45,L14
ITM11916,Automotive,395,76,12,7,42.51,1.61,0.55,L19
ITM11917,Groceries,490,72,11,6,24.5,5.24,0.51,L33
ITM11918,Automotive,297,60,9,3,46.28,8.05,0.11,L26
ITM11919,Pharma,149,11,3,4,48.5,6.7,0.46,L23
ITM11920,Electronics,50,91,5,9,25.63,2.71,0.63,L78
ITM11921,Pharma,394,73,14,3,9.61,4.65,0.61,L20
ITM11922,Groceries,30,83,4,4,33.27,8.62,0.77,L98
ITM11923,Groceries,495,78,3,9,48.8,2.19,0.7,L98
ITM11924,Pharma,321,18,11,9,43.74,5.55,0.35,L84
ITM11925,Automotive,115,11,10,2,43.23,3.88,0.33,L10
ITM11926,Automotive,209,43,7,9,46.76,1.68,0.52,L23
ITM11927,Groceries,472,69,13,3,44.8,0.97,0.76,L99
ITM11928,Apparel,211,70,14,3,39.04,5.78,0.18,L81
ITM11929,Automotive,285,40,4,5,36.2,0.7,0.95,L64
ITM11930,Pharma,443,19,3,8,13.97,1.48,0.59,L60
ITM11931,Automotive,147,85,9,7,31.45,3.8,0.38,L97
ITM11932,Pharma,257,45,13,3,26.55,0.91,0.72,L73
ITM11933,Groceries,427,94,13,6,43.24,4.3,0.14,L98
ITM11934,Automotive,374,58,4,8,25.09,1.74,0.54,L75
ITM11935,Pharma,447,79,3,9,7.26,3.82,0.54,L58
ITM11936,Groceries,131,58,4,4,1.24,8.02,0.25,L88
ITM11937,Apparel,335,12,9,2,34.22,6.45,0.85,L73
ITM11938,Pharma,465,83,9,6,27.95,4.73,0.82,L83
ITM11939,Apparel,362,14,12,8,17.22,1.37,0.24,L82
ITM11940,Apparel,164,99,8,6,9.28,6.38,0.43,L80
ITM11941,Electronics,84,70,7,6,23.87,2.06,0.19,L42
ITM11942,Automotive,266,94,5,6,5.91,1.23,0.86,L81
ITM11943,Pharma,242,99,14,8,17.47,6.81,0.39,L41
ITM11944,Apparel,498,35,5,2,19.58,9.16,0.5,L20
ITM11945,Electronics,332,81,13,9,23.82,4.88,0.39,L57
ITM11946,Groceries,458,14,14,5,23.86,0.89,0.38,L9
ITM11947,Pharma,125,24,11,7,13.59,8.86,0.77,L61
ITM11948,Apparel,200,25,6,9,42.66,1.14,0.77,L57
ITM11949,Automotive,203,10,11,3,18.42,8.74,0.57,L81
ITM11950,Electronics,245,25,6,8,12.25,4.22,0.69,L39
ITM11951,Apparel,284,46,4,6,9.61,3.97,0.56,L36
ITM11952,Automotive,297,12,6,9,16.81,5.66,0.13,L76
ITM11953,Apparel,416,61,8,3,4.31,9.59,0.16,L8
ITM11954,Pharma,108,56,8,8,2.61,9.04,0.45,L46
ITM11955,Pharma,195,22,7,3,30.65,4.97,0.77,L65
ITM11956,Pharma,37,89,3,6,31.34,7.11,0.92,L10
ITM11957,Electronics,390,64,5,5,26.95,6.01,0.13,L40
ITM11958,Pharma,479,30,7,8,38.35,7.09,0.43,L60
ITM11959,Automotive,443,75,8,3,2.92,8.38,0.3,L58
ITM11960,Apparel,420,63,3,4,46.86,0.83,0.83,L5
ITM11961,Groceries,418,36,11,3,5.66,3.59,0.86,L8
ITM11962,Automotive,125,47,5,7,34.03,9.61,0.29,L48
ITM11963,Automotive,290,99,12,6,7.54,9.52,0.74,L37
ITM11964,Pharma,482,67,5,2,44.12,0.61,0.76,L10
ITM11965,Electronics,338,71,13,3,26.02,2.41,0.26,L83
ITM11966,Apparel,186,55,4,5,5.03,9.94,0.49,L12
ITM11967,Electronics,32,98,10,4,31.22,5.18,0.66,L79
ITM11968,Apparel,356,20,5,4,1.45,5.94,0.12,L77
ITM11969,Apparel,51,81,8,2,39.03,2.08,0.46,L65
ITM11970,Electronics,412,17,4,9,32.88,9.0,0.24,L50
ITM11971,Automotive,59,80,9,7,11.42,2.7,0.59,L60
ITM11972,Apparel,167,73,6,2,19.36,2.3,0.86,L75
ITM11973,Electronics,237,30,11,7,1.38,2.67,0.57,L71
ITM11974,Apparel,238,81,12,3,34.99,9.24,0.13,L95
ITM11975,Groceries,488,72,11,6,16.81,7.18,0.13,L6
ITM11976,Automotive,101,94,9,5,29.01,7.8,0.64,L58
ITM11977,Pharma,352,73,14,4,47.88,4.08,0.4,L74
ITM11978,Apparel,227,29,10,2,15.67,9.14,0.62,L84
ITM11979,Groceries,220,17,5,5,49.52,8.0,0.25,L25
ITM11980,Pharma,466,67,13,7,32.0,7.63,0.8,L42
ITM11981,Pharma,351,55,7,6,12.86,9.72,0.87,L78
ITM11982,Apparel,447,40,4,4,22.4,3.98,0.9,L61
ITM11983,Electronics,57,18,12,4,37.28,6.3,0.37,L65
ITM11984,Apparel,230,24,9,7,22.88,9.14,0.69,L20
ITM11985,Groceries,463,35,10,6,4.36,8.01,0.35,L8
ITM11986,Pharma,346,19,11,4,9.26,5.85,0.79,L58
ITM11987,Apparel,268,38,13,6,39.77,1.22,0.21,L14
ITM11988,Electronics,246,89,13,4,32.77,6.7,0.79,L44
ITM11989,Apparel,67,45,9,3,28.92,5.5,0.5,L92
ITM11990,Automotive,37,93,12,7,9.21,2.25,0.87,L11
ITM11991,Electronics,419,46,12,6,42.05,8.88,0.77,L65
ITM11992,Groceries,458,95,10,5,48.08,3.76,0.44,L83
ITM11993,Pharma,314,80,14,9,3.0,4.18,0.91,L23
ITM11994,Apparel,215,32,11,3,4.82,6.89,0.36,L6
ITM11995,Electronics,206,50,8,8,44.35,5.14,0.97,L32
ITM11996,Automotive,364,89,14,5,40.96,1.35,0.79,L91
ITM11997,Electronics,243,37,14,7,31.28,4.18,0.99,L57
ITM11998,Automotive,337,57,12,4,47.3,1.4,0.15,L57
ITM11999,Groceries,416,47,4,8,32.68,2.31,0.35,L68
ITM12000,Pharma,384,40,4,5,11.58,0.57,0.77,L67
ITM12001,Groceries,356,23,6,3,36.7,2.22,0.93,L79
ITM12002,Apparel,248,82,11,8,32.64,3.64,0.13,L21
ITM12003,Electronics,409,97,9,8,49.3,5.61,0.1,L47
ITM12004,Automotive,486,86,4,6,11.48,9.23,0.33,L48
ITM12005,Automotive,96,99,10,2,30.3,5.63,0.87,L37
ITM12006,Electronics,207,38,13,5,39.23,7.2,0.79,L50
ITM12007,Electronics,365,60,9,2,17.61,3.9,0.41,L53
ITM12008,Apparel,289,58,11,7,19.6,7.64,0.1,L100
ITM12009,Groceries,114,52,10,5,44.51,6.39,0.6,L44
ITM12010,Automotive,329,81,5,5,20.81,4.87,0.31,L87
ITM12011,Apparel,151,96,3,6,31.61,2.34,0.77,L77
ITM12012,Groceries,58,14,4,4,44.57,3.38,0.5,L7
ITM12013,Apparel,91,51,4,3,11.28,6.4,0.71,L81
ITM12014,Automotive,300,16,6,3,49.11,4.55,0.87,L83
ITM12015,Electronics,352,51,8,3,35.4,8.95,0.58,L43
ITM12016,Electronics,179,45,6,9,25.31,2.73,0.4,L9
ITM12017,Groceries,206,36,11,7,22.12,1.19,0.79,L43
ITM12018,Pharma,210,67,6,8,47.76,6.1,0.34,L13
ITM12019,Groceries,441,55,8,4,11.08,8.92,0.9,L72
ITM12020,Pharma,139,75,8,2,16.27,3.97,0.16,L87
ITM12021,Apparel,239,34,12,3,16.08,6.65,0.85,L50
ITM12022,Apparel,72,82,13,9,15.16,2.7,0.18,L37
ITM12023,Automotive,241,36,12,2,23.96,5.81,0.15,L33
ITM12024,Pharma,470,10,3,4,49.47,7.97,0.43,L93
ITM12025,Automotive,431,96,10,7,44.55,8.74,0.96,L85
ITM12026,Electronics,150,83,14,4,17.07,1.5,0.99,L78
ITM12027,Pharma,256,51,5,6,21.72,3.89,0.28,L20
ITM12028,Groceries,265,61,8,8,33.8,6.58,0.23,L43
ITM12029,Electronics,245,34,5,3,1.84,0.83,0.42,L11
ITM12030,Electronics,227,63,13,7,41.19,7.06,0.4,L75
ITM12031,Groceries,425,76,4,6,44.11,5.52,0.78,L85
ITM12032,Electronics,115,15,7,3,43.0,3.24,0.5,L19
ITM12033,Pharma,441,67,3,4,19.38,8.24,0.8,L45
ITM12034,Automotive,219,79,11,4,23.64,3.26,0.77,L40
ITM12035,Electronics,266,62,13,9,1.61,9.92,0.62,L84
ITM12036,Pharma,91,75,9,5,20.57,8.26,0.85,L90
ITM12037,Apparel,337,67,5,5,23.56,7.23,0.28,L85
ITM12038,Pharma,204,91,6,4,45.44,1.08,0.25,L51
ITM12039,Automotive,25,96,8,4,44.81,9.09,0.78,L17
ITM12040,Pharma,225,11,5,2,48.34,8.01,0.32,L77
ITM12041,Groceries,51,85,14,9,44.37,2.68,0.1,L91
ITM12042,Automotive,118,31,9,8,1.4,4.23,0.92,L11
ITM12043,Apparel,413,46,8,2,32.43,3.05,0.66,L40
ITM12044,Groceries,406,29,11,8,4.34,9.85,0.5,L72
ITM12045,Pharma,275,33,14,6,14.36,8.61,0.75,L49
ITM12046,Automotive,206,93,7,5,29.34,9.34,0.4,L83
ITM12047,Apparel,95,74,6,5,35.33,7.99,0.96,L43
ITM12048,Groceries,196,74,5,9,33.08,4.84,0.16,L17
ITM12049,Apparel,334,90,12,4,3.4,2.45,0.68,L86
ITM12050,Pharma,306,10,3,4,6.08,2.48,0.8,L90
ITM12051,Apparel,368,12,5,6,7.3,1.94,0.52,L95
ITM12052,Electronics,274,55,5,7,5.48,5.69,0.78,L88
ITM12053,Groceries,344,64,9,7,9.73,9.24,0.93,L68
ITM12054,Apparel,209,84,9,9,34.74,9.92,0.77,L12
ITM12055,Pharma,327,97,14,7,41.71,3.23,0.38,L83
ITM12056,Pharma,364,95,3,5,21.03,7.12,0.61,L86
ITM12057,Apparel,146,73,5,2,34.95,6.17,0.92,L55
ITM12058,Pharma,444,54,10,7,10.8,5.14,0.5,L66
ITM12059,Automotive,306,35,11,3,48.69,6.82,0.71,L47
ITM12060,Automotive,273,86,9,9,18.15,4.03,0.52,L3
ITM12061,Automotive,232,74,9,6,42.45,9.47,0.21,L47
ITM12062,Electronics,269,33,14,7,47.32,7.2,0.15,L40
ITM12063,Apparel,103,83,13,3,43.37,7.66,0.96,L24
ITM12064,Electronics,402,44,10,7,4.29,2.8,0.65,L28
ITM12065,Pharma,425,33,8,2,32.87,2.1,0.19,L44
ITM12066,Electronics,407,37,13,2,6.88,4.25,0.87,L99
ITM12067,Pharma,32,89,5,7,1.28,7.78,0.57,L63
ITM12068,Pharma,64,25,3,9,3.54,9.42,0.79,L25
ITM12069,Groceries,146,68,9,9,45.89,4.56,0.21,L29
ITM12070,Automotive,445,90,3,3,45.51,7.85,0.92,L18
ITM12071,Pharma,133,63,3,6,12.07,4.97,0.63,L20
ITM12072,Groceries,452,88,11,3,27.81,3.3,0.76,L10
ITM12073,Automotive,295,25,12,6,47.8,7.52,0.13,L38
ITM12074,Pharma,224,24,9,7,25.34,8.08,0.38,L13
ITM12075,Pharma,356,20,13,6,20.29,2.43,0.34,L65
ITM12076,Electronics,457,74,6,4,24.68,3.4,0.95,L99
ITM12077,Electronics,439,88,8,5,39.72,5.2,0.27,L70
ITM12078,Automotive,404,99,3,8,24.39,2.27,0.74,L95
ITM12079,Pharma,418,77,9,5,39.38,9.32,0.14,L68
ITM12080,Apparel,480,52,14,2,22.15,6.12,0.28,L5
ITM12081,Electronics,292,78,8,4,13.35,1.65,0.4,L85
ITM12082,Automotive,427,22,6,5,17.0,2.25,0.82,L44
ITM12083,Pharma,77,19,9,7,4.81,9.57,0.81,L99
ITM12084,Pharma,347,84,5,6,25.37,7.51,0.96,L80
ITM12085,Apparel,238,91,3,6,8.26,7.48,0.93,L17
ITM12086,Automotive,128,50,6,3,40.77,1.19,0.17,L77
ITM12087,Pharma,298,59,5,3,21.61,9.01,0.85,L49
ITM12088,Electronics,193,96,3,9,38.49,4.72,0.51,L20
ITM12089,Apparel,347,80,4,6,47.77,6.77,0.88,L21
ITM12090,Automotive,283,68,13,9,42.62,9.62,0.18,L24
ITM12091,Apparel,334,48,7,7,47.62,1.45,0.84,L89
ITM12092,Electronics,493,12,10,6,28.83,5.08,0.24,L99
ITM12093,Automotive,130,85,3,3,9.1,0.97,0.4,L80
ITM12094,Apparel,206,16,6,5,46.83,5.25,0.13,L22
ITM12095,Groceries,288,58,6,9,43.56,2.9,0.21,L93
ITM12096,Electronics,442,35,7,9,43.36,9.16,0.5,L57
ITM12097,Electronics,248,42,9,2,34.97,4.29,0.84,L6
ITM12098,Electronics,175,57,14,3,31.62,6.52,0.8,L53
ITM12099,Groceries,492,88,10,7,1.72,8.67,0.31,L47
ITM12100,Groceries,208,11,8,9,37.65,9.85,0.24,L87
ITM12101,Pharma,291,80,3,5,5.49,5.29,0.45,L93
ITM12102,Apparel,394,41,9,5,13.73,4.83,0.89,L31
ITM12103,Pharma,21,13,5,5,28.02,1.22,0.18,L57
ITM12104,Apparel,265,29,8,4,23.13,0.62,0.59,L79
ITM12105,Groceries,229,45,10,4,1.77,6.28,0.18,L37
ITM12106,Groceries,420,41,9,8,41.38,1.12,0.52,L97
ITM12107,Pharma,305,37,12,5,44.06,4.11,0.21,L96
ITM12108,Automotive,378,86,8,9,34.41,0.53,0.17,L58
ITM12109,Pharma,32,10,11,7,27.51,6.34,0.27,L30
ITM12110,Apparel,115,69,11,6,48.08,4.54,0.33,L69
ITM12111,Pharma,240,65,3,7,6.88,1.71,0.35,L31
ITM12112,Electronics,257,44,3,4,37.16,3.32,0.68,L40
ITM12113,Apparel,113,39,3,3,7.29,5.91,0.15,L61
ITM12114,Apparel,357,63,10,9,19.71,6.74,0.17,L25
ITM12115,Automotive,288,45,14,8,29.69,4.89,0.27,L48
ITM12116,Groceries,190,64,14,4,37.12,8.14,0.88,L87
ITM12117,Apparel,488,98,12,6,1.18,1.57,0.67,L74
ITM12118,Groceries,113,89,9,2,13.77,1.3,0.76,L57
ITM12119,Pharma,168,67,5,8,27.37,0.92,0.43,L60
ITM12120,Electronics,131,92,4,4,27.11,5.59,0.29,L99
ITM12121,Automotive,74,74,6,7,32.24,7.21,0.13,L37
ITM12122,Groceries,356,78,5,8,15.89,1.74,0.54,L100
ITM12123,Apparel,443,60,9,9,27.49,6.57,0.62,L49
ITM12124,Groceries,486,31,12,7,10.3,5.03,0.91,L65
ITM12125,Apparel,135,97,10,5,10.16,9.88,0.89,L68
ITM12126,Groceries,162,62,8,5,29.25,7.32,0.48,L54
ITM12127,Apparel,220,45,5,5,34.59,6.75,0.48,L21
ITM12128,Pharma,199,77,8,8,6.9,5.92,0.25,L26
ITM12129,Apparel,221,45,4,2,7.02,9.97,0.33,L78
ITM12130,Apparel,383,61,14,6,28.7,9.81,0.93,L18
ITM12131,Electronics,498,62,9,9,14.23,5.61,0.23,L33
ITM12132,Apparel,72,91,13,8,20.23,4.82,0.97,L7
ITM12133,Electronics,490,59,12,3,20.64,4.89,0.55,L83
ITM12134,Automotive,403,89,9,9,9.75,4.57,0.51,L62
ITM12135,Electronics,199,50,6,7,1.06,5.55,0.26,L48
ITM12136,Pharma,433,27,10,7,42.8,3.1,0.7,L71
ITM12137,Electronics,436,31,6,8,36.04,9.3,0.51,L14
ITM12138,Automotive,332,75,9,8,34.84,5.16,0.43,L92
ITM12139,Pharma,327,30,6,6,27.78,8.5,0.34,L67
ITM12140,Groceries,156,53,14,2,35.35,5.02,0.16,L16
ITM12141,Groceries,201,56,7,8,46.85,7.32,0.57,L37
ITM12142,Electronics,386,48,9,5,33.62,3.7,0.38,L11
ITM12143,Electronics,20,38,12,6,13.99,6.44,0.74,L98
ITM12144,Automotive,63,63,5,3,28.96,5.23,0.75,L21
ITM12145,Automotive,246,99,12,5,22.67,3.99,0.4,L35
ITM12146,Apparel,350,94,7,3,28.26,8.87,0.7,L58
ITM12147,Automotive,117,26,13,4,26.36,1.57,0.33,L66
ITM12148,Apparel,227,89,5,3,43.08,5.13,0.75,L19
ITM12149,Pharma,284,69,7,5,32.94,2.35,0.11,L56
ITM12150,Electronics,307,40,5,4,10.25,8.68,0.24,L12
ITM12151,Pharma,290,82,13,5,4.09,2.91,0.32,L29
ITM12152,Automotive,159,87,12,7,21.79,6.52,0.8,L58
ITM12153,Pharma,256,58,13,5,1.76,2.07,0.16,L45
ITM12154,Pharma,481,11,9,4,16.6,4.35,0.27,L4
ITM12155,Pharma,460,57,3,3,19.03,9.04,0.42,L54
ITM12156,Automotive,411,23,11,7,19.4,2.08,0.11,L7
ITM12157,Pharma,91,68,11,2,48.99,6.8,0.79,L51
ITM12158,Apparel,174,67,7,2,15.89,2.44,0.6,L65
ITM12159,Automotive,209,67,11,9,14.0,4.45,0.91,L48
ITM12160,Pharma,287,60,12,2,7.34,5.64,0.13,L31
ITM12161,Automotive,340,93,8,2,26.04,5.98,0.34,L50
ITM12162,Groceries,126,11,7,6,8.53,6.22,0.76,L11
ITM12163,Apparel,251,50,5,2,31.2,6.58,0.71,L48
ITM12164,Pharma,61,92,13,4,8.6,3.08,0.32,L29
ITM12165,Groceries,209,91,13,8,29.26,4.31,0.64,L4
ITM12166,Groceries,390,25,10,2,41.49,0.85,0.81,L41
ITM12167,Automotive,158,13,6,5,3.08,7.8,0.13,L13
ITM12168,Groceries,122,21,12,8,21.57,8.45,0.75,L92
ITM12169,Apparel,190,38,5,2,23.59,2.39,0.33,L84
ITM12170,Apparel,370,16,8,8,39.76,2.41,0.95,L43
ITM12171,Electronics,292,23,10,3,23.93,0.9,0.58,L19
ITM12172,Apparel,435,21,11,4,28.81,9.72,0.13,L18
ITM12173,Groceries,240,14,8,4,39.77,8.17,0.46,L5
ITM12174,Apparel,232,90,7,9,28.43,3.93,0.97,L37
ITM12175,Automotive,360,41,14,8,18.56,5.08,0.76,L61
ITM12176,Electronics,443,83,13,9,5.21,3.27,0.37,L90
ITM12177,Groceries,426,52,4,7,36.77,6.17,0.62,L18
ITM12178,Electronics,75,90,4,6,43.69,7.31,0.64,L98
ITM12179,Groceries,409,78,11,5,48.53,4.75,0.12,L91
ITM12180,Automotive,361,54,4,8,46.4,8.8,0.26,L61
ITM12181,Electronics,453,18,4,4,40.07,5.41,0.6,L58
ITM12182,Pharma,121,58,5,9,32.53,1.87,0.46,L79
ITM12183,Groceries,440,42,5,3,39.29,6.41,0.27,L1
ITM12184,Pharma,211,27,6,2,22.17,4.89,0.8,L11
ITM12185,Electronics,329,18,9,4,30.14,9.39,0.54,L3
ITM12186,Pharma,219,71,11,3,18.09,4.22,0.38,L33
ITM12187,Pharma,252,66,4,2,17.01,4.33,0.25,L28
ITM12188,Electronics,452,38,6,6,38.08,6.68,0.65,L20
ITM12189,Automotive,246,87,11,4,23.24,5.51,0.7,L71
ITM12190,Pharma,390,34,4,9,11.4,4.06,0.7,L94
ITM12191,Pharma,158,24,12,4,10.89,9.9,0.3,L78
ITM12192,Automotive,363,15,13,8,43.1,3.37,0.64,L68
ITM12193,Pharma,324,51,3,8,34.21,3.14,0.91,L55
ITM12194,Pharma,168,38,12,3,27.76,8.71,0.42,L15
ITM12195,Pharma,134,88,10,9,20.65,0.53,0.29,L100
ITM12196,Apparel,469,13,11,7,22.11,2.41,0.79,L37
ITM12197,Automotive,82,91,9,8,3.81,6.11,0.26,L31
ITM12198,Pharma,123,66,10,5,23.29,2.04,0.33,L39
ITM12199,Automotive,358,58,6,6,39.98,9.87,0.19,L16
ITM12200,Groceries,378,53,6,5,20.01,4.91,0.34,L7
ITM12201,Groceries,175,89,4,4,19.8,6.17,0.47,L31
ITM12202,Pharma,292,84,10,5,1.77,2.02,0.16,L54
ITM12203,Automotive,25,23,13,2,23.43,3.25,0.88,L82
ITM12204,Automotive,166,12,4,6,2.24,6.34,0.56,L80
ITM12205,Automotive,203,71,11,5,28.95,5.72,0.63,L59
ITM12206,Apparel,47,73,6,2,25.83,7.95,0.43,L9
ITM12207,Groceries,469,54,3,3,42.16,3.06,0.7,L15
ITM12208,Automotive,57,91,6,5,29.51,6.71,0.49,L64
ITM12209,Automotive,138,67,5,6,16.85,3.26,0.79,L77
ITM12210,Apparel,312,29,14,2,26.3,6.07,0.84,L69
ITM12211,Apparel,390,67,8,5,35.29,6.25,0.7,L3
ITM12212,Automotive,263,98,9,3,5.6,1.66,0.54,L81
ITM12213,Electronics,87,66,10,5,31.43,5.71,0.8,L66
ITM12214,Automotive,233,86,4,2,45.91,0.61,0.54,L74
ITM12215,Automotive,237,77,8,5,15.66,5.26,0.2,L31
ITM12216,Apparel,196,87,8,6,31.7,7.13,0.2,L92
ITM12217,Apparel,318,61,12,4,41.25,1.19,0.95,L19
ITM12218,Automotive,183,46,14,9,26.08,9.42,0.29,L38
ITM12219,Automotive,77,17,7,9,36.18,4.86,0.83,L55
ITM12220,Automotive,288,53,12,2,16.24,9.41,0.32,L1
ITM12221,Apparel,327,14,12,2,16.0,1.52,0.49,L79
ITM12222,Automotive,77,78,9,2,33.71,9.52,0.69,L46
ITM12223,Automotive,307,40,5,2,35.57,1.54,0.24,L31
ITM12224,Pharma,484,54,6,5,46.91,4.88,0.76,L74
ITM12225,Electronics,124,18,12,6,12.02,9.41,0.72,L54
ITM12226,Groceries,247,41,11,9,23.94,2.71,0.59,L24
ITM12227,Electronics,266,42,6,3,13.28,0.83,0.61,L86
ITM12228,Pharma,207,76,5,9,4.92,8.03,0.2,L86
ITM12229,Groceries,102,39,4,6,20.76,6.16,0.49,L11
ITM12230,Automotive,205,85,7,2,19.33,5.38,0.18,L68
ITM12231,Pharma,271,38,6,7,14.25,0.83,0.38,L47
ITM12232,Automotive,374,12,10,5,15.55,6.71,0.91,L9
ITM12233,Apparel,257,99,9,7,18.66,2.13,0.62,L68
ITM12234,Pharma,379,66,8,5,49.45,9.35,0.77,L70
ITM12235,Apparel,203,39,13,2,39.36,7.01,0.62,L65
ITM12236,Pharma,303,18,14,5,4.5,7.22,0.27,L65
ITM12237,Pharma,404,35,4,2,43.75,2.71,0.64,L71
ITM12238,Apparel,445,11,5,6,32.03,8.87,0.78,L3
ITM12239,Groceries,229,71,12,8,44.64,5.61,0.22,L50
ITM12240,Electronics,323,12,11,4,17.74,8.64,0.84,L61
ITM12241,Automotive,315,55,11,5,23.76,3.07,0.6,L6
ITM12242,Pharma,116,77,7,2,44.92,7.68,0.1,L82
ITM12243,Automotive,466,34,5,7,14.36,5.96,0.57,L50
ITM12244,Apparel,479,60,4,2,45.86,0.96,0.46,L48
ITM12245,Automotive,475,22,10,7,41.6,4.35,0.37,L33
ITM12246,Apparel,491,53,8,9,49.05,2.25,0.79,L96
ITM12247,Automotive,227,44,12,5,16.89,3.91,0.91,L3
ITM12248,Electronics,389,64,13,3,12.55,4.14,0.79,L46
ITM12249,Electronics,407,96,14,7,17.21,5.01,0.86,L9
ITM12250,Electronics,441,18,9,2,47.78,6.2,0.92,L45
ITM12251,Electronics,430,11,3,5,17.32,5.92,0.92,L31
ITM12252,Electronics,156,70,3,2,28.7,0.87,0.2,L94
ITM12253,Electronics,386,50,12,3,20.78,7.63,0.51,L85
ITM12254,Apparel,419,53,4,4,20.41,9.52,0.1,L81
ITM12255,Pharma,203,73,12,8,10.48,3.81,0.56,L14
ITM12256,Automotive,95,40,5,8,27.32,2.21,0.93,L99
ITM12257,Electronics,306,56,14,3,42.62,5.63,0.28,L75
ITM12258,Apparel,491,11,3,6,3.42,7.2,0.68,L95
ITM12259,Apparel,394,91,7,5,44.57,6.95,0.68,L97
ITM12260,Apparel,161,86,5,3,33.61,6.32,0.24,L43
ITM12261,Pharma,256,78,3,4,31.22,1.89,0.31,L18
ITM12262,Automotive,44,67,10,2,31.67,8.45,0.52,L6
ITM12263,Pharma,309,53,14,5,15.52,4.54,0.27,L46
ITM12264,Groceries,86,83,13,9,21.34,2.6,0.63,L70
ITM12265,Apparel,269,65,8,7,40.17,1.32,0.54,L44
ITM12266,Groceries,427,52,11,3,16.01,4.46,0.57,L83
ITM12267,Electronics,137,98,5,9,24.03,6.37,0.22,L23
ITM12268,Electronics,92,43,11,9,1.96,6.82,0.57,L100
ITM12269,Pharma,301,39,11,4,36.94,9.65,0.14,L88
ITM12270,Automotive,423,80,14,9,21.47,1.95,0.89,L60
ITM12271,Groceries,467,79,14,3,26.74,9.86,0.41,L90
ITM12272,Automotive,379,64,3,6,6.62,6.72,0.87,L62
ITM12273,Pharma,29,76,5,8,49.59,4.82,0.73,L81
ITM12274,Electronics,230,22,8,8,15.82,8.94,0.79,L24
ITM12275,Automotive,342,12,10,5,32.11,7.1,0.38,L18
ITM12276,Automotive,171,35,6,2,29.48,3.81,0.3,L9
ITM12277,Electronics,24,66,7,4,39.47,8.9,0.47,L92
ITM12278,Groceries,214,33,11,3,15.4,6.83,0.12,L100
ITM12279,Electronics,461,62,8,5,38.04,7.14,0.93,L59
ITM12280,Automotive,302,79,14,3,19.74,9.02,0.45,L5
ITM12281,Groceries,483,52,9,5,21.15,4.76,0.99,L38
ITM12282,Groceries,132,69,9,8,33.96,6.74,0.79,L26
ITM12283,Electronics,290,67,6,9,39.43,7.57,0.17,L6
ITM12284,Automotive,182,58,6,6,33.68,4.81,0.69,L26
ITM12285,Pharma,479,51,6,3,45.09,1.29,0.34,L6
ITM12286,Automotive,124,85,13,6,14.97,7.83,0.32,L41
ITM12287,Apparel,200,75,7,7,45.13,0.95,0.33,L40
ITM12288,Pharma,63,20,7,7,7.41,7.32,0.92,L66
ITM12289,Groceries,301,99,10,9,33.32,9.15,0.55,L51
ITM12290,Pharma,194,27,11,8,27.83,3.8,0.7,L70
ITM12291,Groceries,181,94,4,4,25.24,1.47,0.35,L61
ITM12292,Groceries,490,61,13,6,16.23,2.71,0.57,L33
ITM12293,Pharma,370,55,9,5,25.68,5.84,0.42,L5
ITM12294,Groceries,453,53,3,4,8.93,9.46,0.39,L97
ITM12295,Groceries,359,31,3,3,19.1,5.37,0.32,L83
ITM12296,Apparel,159,62,6,3,5.84,1.57,0.47,L25
ITM12297,Automotive,490,68,12,5,29.02,6.46,0.69,L37
ITM12298,Automotive,151,39,9,2,5.69,7.46,0.3,L46
ITM12299,Apparel,106,17,4,9,8.86,4.24,0.97,L100
ITM12300,Pharma,195,66,13,2,5.19,7.35,0.21,L7
ITM12301,Electronics,202,82,4,9,19.68,3.59,0.53,L84
ITM12302,Electronics,387,29,3,3,42.26,8.0,0.18,L43
ITM12303,Electronics,148,34,12,9,45.44,3.74,0.12,L35
ITM12304,Apparel,265,28,4,8,4.52,2.93,0.93,L16
ITM12305,Apparel,108,14,9,8,32.09,8.85,0.83,L48
ITM12306,Groceries,85,84,11,5,34.53,5.71,0.72,L56
ITM12307,Electronics,177,88,8,2,27.15,3.21,0.88,L52
ITM12308,Pharma,406,81,12,6,33.68,9.38,0.82,L96
ITM12309,Pharma,397,92,4,3,12.45,7.06,0.68,L57
ITM12310,Electronics,168,96,14,7,24.99,2.6,0.86,L50
ITM12311,Electronics,492,36,12,6,20.15,6.34,0.45,L44
ITM12312,Electronics,359,49,12,5,5.4,8.77,0.6,L24
ITM12313,Apparel,452,35,11,7,31.65,7.11,0.8,L64
ITM12314,Apparel,135,36,9,6,25.27,2.83,0.18,L89
ITM12315,Apparel,233,71,13,2,14.48,6.66,0.87,L64
ITM12316,Automotive,488,92,3,9,24.21,6.38,0.24,L48
ITM12317,Pharma,465,59,14,8,38.99,8.3,0.88,L67
ITM12318,Pharma,391,51,11,2,40.28,2.19,0.38,L35
ITM12319,Groceries,313,38,4,7,32.83,7.15,0.39,L11
ITM12320,Apparel,272,48,6,9,23.92,0.76,0.17,L94
ITM12321,Automotive,162,69,11,9,29.21,7.11,0.9,L55
ITM12322,Automotive,269,50,6,9,19.87,9.62,0.26,L11
ITM12323,Pharma,385,42,5,4,7.2,2.16,0.67,L56
ITM12324,Apparel,455,92,3,8,19.9,3.46,0.68,L78
ITM12325,Groceries,482,92,9,3,26.99,6.04,0.35,L24
ITM12326,Apparel,321,25,8,7,30.34,7.46,0.99,L70
ITM12327,Electronics,44,32,12,5,46.85,3.77,0.16,L38
ITM12328,Apparel,296,16,6,3,39.09,6.81,0.65,L42
ITM12329,Electronics,491,35,8,6,8.45,9.04,0.53,L14
ITM12330,Electronics,396,21,8,8,9.53,7.4,0.32,L11
ITM12331,Groceries,397,81,6,5,5.92,7.25,0.25,L42
ITM12332,Pharma,408,14,8,5,37.17,4.13,0.76,L85
ITM12333,Apparel,89,78,12,2,35.6,9.16,0.92,L38
ITM12334,Electronics,132,58,13,6,49.33,3.13,0.2,L40
ITM12335,Apparel,382,35,10,2,26.58,2.45,0.27,L58
ITM12336,Pharma,131,14,5,2,41.49,3.96,0.99,L78
ITM12337,Pharma,383,31,6,9,29.25,6.68,0.11,L92
ITM12338,Automotive,322,88,12,8,43.83,8.69,0.56,L55
ITM12339,Pharma,490,22,14,4,36.33,1.75,0.56,L22
ITM12340,Groceries,471,37,3,2,32.5,8.23,0.34,L89
ITM12341,Electronics,110,42,6,3,28.69,8.22,0.7,L57
ITM12342,Automotive,37,32,13,5,36.43,6.08,0.95,L45
ITM12343,Groceries,168,27,12,8,21.56,7.73,0.51,L58
ITM12344,Apparel,495,39,12,2,5.73,2.23,0.77,L6
ITM12345,Electronics,246,35,14,7,2.96,2.11,0.68,L94
ITM12346,Pharma,233,25,11,3,24.47,8.7,0.53,L46
ITM12347,Electronics,379,86,10,6,30.37,5.23,0.14,L79
ITM12348,Apparel,170,48,13,5,4.86,2.84,0.77,L56
ITM12349,Automotive,211,42,6,8,15.06,7.04,0.43,L36
ITM12350,Automotive,470,35,14,7,16.78,8.97,0.3,L82
ITM12351,Automotive,59,57,9,8,28.58,6.51,0.95,L8
ITM12352,Pharma,261,74,12,8,14.65,3.8,0.8,L10
ITM12353,Groceries,157,47,5,7,5.69,5.09,0.97,L86
ITM12354,Groceries,364,11,11,6,9.08,7.65,0.33,L82
ITM12355,Electronics,199,15,12,7,9.52,1.14,0.85,L52
ITM12356,Pharma,219,55,6,3,42.29,2.56,0.65,L47
ITM12357,Automotive,222,59,4,9,14.93,4.89,0.98,L66
ITM12358,Automotive,80,47,12,8,36.02,6.24,0.95,L96
ITM12359,Apparel,211,97,7,6,28.82,3.72,0.98,L87
ITM12360,Apparel,24,27,4,8,48.87,3.33,0.96,L21
ITM12361,Automotive,397,36,12,7,14.37,0.89,0.11,L4
ITM12362,Automotive,256,50,8,6,8.76,0.81,0.77,L19
ITM12363,Pharma,200,81,13,6,3.55,3.15,0.34,L78
ITM12364,Groceries,330,83,12,2,12.81,5.54,0.73,L87
ITM12365,Apparel,56,26,3,2,34.52,5.79,0.98,L57
ITM12366,Groceries,75,71,8,9,5.18,5.19,0.14,L5
ITM12367,Pharma,462,38,6,2,12.99,4.39,0.61,L17
ITM12368,Automotive,256,67,5,7,42.91,2.9,0.76,L9
ITM12369,Groceries,377,79,4,5,29.56,4.31,0.33,L31
ITM12370,Automotive,368,87,9,3,4.41,1.82,0.3,L100
ITM12371,Automotive,216,31,11,7,3.34,1.59,0.15,L83
ITM12372,Electronics,92,15,14,8,4.0,3.35,0.18,L47
ITM12373,Groceries,78,35,5,2,47.15,9.96,0.69,L47
ITM12374,Groceries,259,48,8,6,42.64,3.6,0.55,L50
ITM12375,Automotive,21,21,11,7,42.4,9.4,0.13,L73
ITM12376,Pharma,468,23,4,6,46.29,4.23,0.97,L5
ITM12377,Electronics,379,31,9,9,25.76,4.67,0.69,L78
ITM12378,Automotive,207,60,7,8,13.12,8.07,0.56,L20
ITM12379,Apparel,326,32,7,6,20.67,1.39,0.35,L87
ITM12380,Apparel,49,57,13,6,36.22,2.23,0.69,L58
ITM12381,Electronics,286,80,9,9,43.93,9.75,0.43,L48
ITM12382,Pharma,495,59,11,4,22.32,5.31,0.73,L48
ITM12383,Automotive,127,98,6,5,27.23,0.92,0.71,L57
ITM12384,Groceries,351,22,11,3,46.66,0.95,0.18,L98
ITM12385,Electronics,442,94,13,3,6.27,9.12,0.92,L10
ITM12386,Pharma,109,19,12,2,43.25,8.8,0.54,L74
ITM12387,Groceries,224,64,11,4,8.81,4.85,0.45,L18
ITM12388,Apparel,398,18,6,7,24.71,2.05,0.96,L68
ITM12389,Apparel,475,88,5,9,11.7,8.39,0.49,L47
ITM12390,Groceries,466,61,4,7,30.54,3.58,0.75,L51
ITM12391,Electronics,467,11,11,3,28.37,4.48,0.69,L41
ITM12392,Apparel,464,34,14,5,19.62,6.98,0.25,L84
ITM12393,Automotive,400,22,4,6,43.3,3.86,0.99,L36
ITM12394,Groceries,457,60,8,8,33.33,6.47,0.52,L32
ITM12395,Groceries,239,67,7,2,36.34,8.91,0.46,L15
ITM12396,Apparel,397,43,7,5,8.38,8.08,0.93,L4
ITM12397,Electronics,113,44,6,3,44.28,4.13,0.58,L95
ITM12398,Automotive,476,12,8,4,9.18,3.24,0.73,L24
ITM12399,Electronics,122,68,7,2,11.92,3.21,0.86,L64
ITM12400,Pharma,242,79,13,9,7.27,3.81,0.31,L67
ITM12401,Pharma,205,57,6,3,22.58,5.19,0.25,L50
ITM12402,Apparel,488,73,11,7,44.5,4.46,0.16,L72
ITM12403,Apparel,203,28,8,2,13.37,1.76,0.91,L16
ITM12404,Apparel,181,76,13,9,19.31,2.05,0.28,L34
ITM12405,Pharma,266,91,12,3,42.46,3.76,0.38,L100
ITM12406,Electronics,50,82,12,7,31.27,5.84,0.36,L34
ITM12407,Electronics,71,85,12,8,37.83,6.13,0.37,L91
ITM12408,Apparel,364,14,5,7,11.49,5.12,0.7,L58
ITM12409,Automotive,95,76,12,6,36.11,7.52,0.96,L28
ITM12410,Electronics,404,20,8,9,12.15,7.5,0.4,L79
ITM12411,Pharma,458,77,3,9,49.38,4.56,0.47,L37
ITM12412,Groceries,297,78,7,4,28.43,1.68,0.79,L89
ITM12413,Groceries,59,10,12,9,35.09,5.54,0.49,L63
ITM12414,Groceries,120,72,8,6,6.8,4.12,0.93,L26
ITM12415,Automotive,130,38,13,3,13.28,1.81,0.55,L16
ITM12416,Apparel,404,91,10,8,7.85,9.83,0.41,L18
ITM12417,Pharma,340,21,13,5,20.12,4.01,0.97,L10
ITM12418,Automotive,268,86,11,8,14.92,6.45,0.48,L58
ITM12419,Pharma,210,50,13,8,36.91,5.16,0.31,L23
ITM12420,Pharma,201,11,5,9,6.33,1.86,0.26,L92
ITM12421,Apparel,445,46,4,8,37.85,1.03,1.0,L57
ITM12422,Groceries,424,54,6,9,3.24,6.44,0.78,L12
ITM12423,Apparel,354,89,10,6,10.9,2.85,0.47,L88
ITM12424,Automotive,228,57,13,5,39.81,2.81,0.84,L41
ITM12425,Automotive,41,33,10,7,37.4,9.59,0.59,L86
ITM12426,Automotive,185,31,5,9,24.34,4.89,0.39,L45
ITM12427,Apparel,118,20,6,3,3.45,0.78,0.77,L91
ITM12428,Pharma,227,67,5,4,30.88,3.73,0.77,L9
ITM12429,Pharma,27,55,12,5,20.93,6.05,0.55,L71
ITM12430,Electronics,209,38,4,3,16.51,3.62,0.14,L70
ITM12431,Automotive,194,44,6,9,32.38,0.76,0.17,L38
ITM12432,Pharma,292,24,8,5,22.39,4.72,0.81,L39
ITM12433,Electronics,36,69,13,9,5.53,1.51,0.84,L21
ITM12434,Pharma,109,51,13,6,45.88,6.38,0.71,L92
ITM12435,Automotive,160,52,7,3,39.15,6.39,0.86,L91
ITM12436,Groceries,164,89,5,6,3.76,0.86,0.75,L90
ITM12437,Automotive,185,83,4,2,26.73,3.26,0.91,L82
ITM12438,Apparel,356,58,11,3,5.09,4.43,0.24,L23
ITM12439,Pharma,97,73,3,5,42.03,5.73,0.45,L47
ITM12440,Pharma,448,41,11,2,31.04,3.31,0.52,L66
ITM12441,Apparel,281,73,3,6,9.45,3.23,0.37,L29
ITM12442,Apparel,182,11,9,6,2.02,9.84,0.75,L16
ITM12443,Groceries,385,33,8,5,2.55,0.9,0.92,L26
ITM12444,Pharma,33,96,9,2,25.86,9.9,0.47,L18
ITM12445,Pharma,258,75,5,8,36.98,0.95,0.95,L31
ITM12446,Groceries,91,47,5,7,6.92,3.24,0.57,L64
ITM12447,Electronics,464,40,13,4,11.84,5.19,0.57,L4
ITM12448,Groceries,162,35,3,5,17.04,1.86,0.64,L47
ITM12449,Automotive,329,38,6,6,11.69,1.78,0.34,L71
ITM12450,Pharma,302,76,14,3,20.18,2.93,0.45,L74
ITM12451,Apparel,288,87,4,2,28.42,9.75,0.6,L48
ITM12452,Automotive,260,34,12,9,34.56,4.11,0.95,L60
ITM12453,Pharma,434,57,10,7,48.22,5.88,0.68,L71
ITM12454,Groceries,264,74,5,4,46.61,7.19,0.4,L17
ITM12455,Automotive,182,62,9,3,28.94,7.55,0.11,L79
ITM12456,Pharma,79,76,9,2,36.97,7.04,0.98,L12
ITM12457,Electronics,25,99,14,7,47.59,3.7,0.54,L9
ITM12458,Electronics,216,27,11,5,5.09,1.56,0.94,L40
ITM12459,Apparel,489,18,8,9,1.28,3.18,0.59,L51
ITM12460,Pharma,77,47,3,7,2.46,2.5,0.64,L92
ITM12461,Electronics,324,96,10,5,28.6,1.79,0.74,L93
ITM12462,Groceries,426,30,3,9,38.38,0.73,0.39,L62
ITM12463,Pharma,236,74,5,9,18.99,9.39,0.73,L68
ITM12464,Groceries,437,30,13,8,27.72,9.25,0.57,L53
ITM12465,Groceries,45,36,7,2,26.3,0.98,0.71,L99
ITM12466,Electronics,322,79,10,9,5.64,2.14,0.85,L53
ITM12467,Pharma,24,53,11,7,16.76,1.83,0.27,L74
ITM12468,Automotive,493,37,9,9,1.95,3.17,0.65,L10
ITM12469,Electronics,39,54,11,4,6.42,2.44,0.15,L17
ITM12470,Electronics,409,26,13,7,40.78,9.49,0.19,L41
ITM12471,Pharma,217,49,5,2,41.64,1.3,0.71,L83
ITM12472,Pharma,78,12,7,3,40.3,2.51,0.16,L10
ITM12473,Groceries,467,85,12,3,36.61,1.27,0.64,L58
ITM12474,Pharma,261,85,10,7,39.87,9.81,0.3,L60
ITM12475,Groceries,165,75,14,7,33.88,9.22,0.37,L88
ITM12476,Electronics,407,55,3,5,33.82,7.31,0.22,L67
ITM12477,Apparel,292,95,10,2,33.7,4.55,0.32,L45
ITM12478,Automotive,268,96,9,5,26.19,2.31,0.84,L17
ITM12479,Electronics,33,39,3,4,18.8,2.6,0.67,L100
ITM12480,Pharma,481,78,12,8,36.78,4.71,0.95,L71
ITM12481,Automotive,32,18,14,3,15.63,7.8,0.14,L82
ITM12482,Apparel,410,94,12,9,27.6,3.01,0.81,L76
ITM12483,Apparel,403,20,14,9,22.23,3.45,0.73,L24
ITM12484,Groceries,63,78,8,6,14.55,6.2,0.33,L99
ITM12485,Automotive,394,75,3,6,48.76,2.76,0.76,L17
ITM12486,Groceries,418,97,4,2,13.68,6.05,0.74,L56
ITM12487,Electronics,38,40,7,9,16.16,4.18,0.51,L65
ITM12488,Automotive,82,42,4,2,8.92,0.83,0.72,L8
ITM12489,Electronics,258,48,12,6,41.33,4.33,0.5,L16
ITM12490,Groceries,438,55,3,2,29.74,9.24,0.4,L67
ITM12491,Automotive,356,46,8,3,31.04,3.28,0.52,L20
ITM12492,Groceries,438,69,10,4,41.21,3.57,0.91,L39
ITM12493,Automotive,422,40,10,4,17.8,1.13,0.45,L22
ITM12494,Groceries,423,20,10,9,10.49,6.34,0.46,L21
ITM12495,Apparel,119,96,13,5,10.72,8.57,0.65,L42
ITM12496,Groceries,182,11,8,3,36.9,3.85,0.78,L91
ITM12497,Apparel,435,36,13,8,31.09,2.78,0.76,L29
ITM12498,Groceries,141,11,5,2,11.11,9.59,0.12,L45
ITM12499,Automotive,451,30,3,2,8.11,7.58,0.72,L67
ITM12500,Automotive,63,67,4,9,6.91,5.89,0.51,L37
ITM12501,Automotive,379,14,7,8,31.76,3.4,0.57,L11
ITM12502,Pharma,427,61,12,5,1.01,2.6,0.61,L33
ITM12503,Electronics,336,54,7,5,1.9,7.3,0.76,L26
ITM12504,Automotive,400,94,12,2,20.09,5.46,0.85,L82
ITM12505,Apparel,164,29,3,2,34.88,5.45,0.68,L71
ITM12506,Automotive,346,70,3,8,35.06,1.2,0.61,L36
ITM12507,Pharma,382,47,11,9,22.08,5.37,0.44,L17
ITM12508,Apparel,69,29,4,3,34.86,8.32,0.22,L81
ITM12509,Pharma,84,34,9,8,26.53,9.49,0.96,L39
ITM12510,Apparel,374,11,12,5,48.87,1.51,0.52,L79
ITM12511,Groceries,307,41,6,8,8.96,6.5,0.61,L69
ITM12512,Electronics,183,35,9,8,30.43,5.9,0.78,L12
ITM12513,Electronics,160,79,10,8,25.07,8.96,0.16,L65
ITM12514,Pharma,473,50,7,3,10.53,7.64,0.87,L83
ITM12515,Electronics,333,76,14,7,37.75,9.67,0.82,L22
ITM12516,Pharma,147,10,14,2,14.5,9.62,0.8,L76
ITM12517,Pharma,417,60,3,6,19.7,2.64,0.12,L75
ITM12518,Pharma,440,14,6,9,19.37,7.39,0.57,L20
ITM12519,Electronics,387,22,12,8,12.97,5.54,0.15,L22
ITM12520,Pharma,482,28,5,9,22.1,2.54,0.6,L85
ITM12521,Electronics,258,21,12,6,24.19,2.35,0.75,L80
ITM12522,Pharma,343,57,14,7,37.47,1.27,0.21,L93
ITM12523,Automotive,315,34,7,2,38.49,8.06,0.73,L78
ITM12524,Pharma,206,66,12,5,8.77,3.58,0.5,L44
ITM12525,Apparel,227,44,12,6,30.05,8.64,0.83,L73
ITM12526,Pharma,239,85,8,9,44.91,6.28,0.58,L6
ITM12527,Groceries,419,14,4,9,6.33,6.9,0.4,L4
ITM12528,Pharma,209,31,9,9,24.17,3.27,0.4,L11
ITM12529,Apparel,407,86,5,5,37.77,4.84,0.91,L6
ITM12530,Apparel,448,66,3,6,30.96,4.42,0.51,L83
ITM12531,Electronics,365,56,12,9,5.93,2.74,0.47,L99
ITM12532,Automotive,303,63,5,5,20.43,8.41,0.14,L74
ITM12533,Pharma,371,12,11,8,25.85,6.41,0.43,L34
ITM12534,Electronics,256,62,12,9,49.8,0.86,0.86,L84
ITM12535,Automotive,213,93,13,6,9.75,8.29,0.78,L27
ITM12536,Pharma,306,40,13,5,49.14,1.51,0.3,L99
ITM12537,Groceries,278,78,8,7,19.43,4.34,0.47,L74
ITM12538,Pharma,265,97,13,3,10.82,5.93,0.28,L54
ITM12539,Apparel,155,42,8,5,21.29,0.57,0.96,L80
ITM12540,Apparel,299,81,6,3,31.09,6.7,0.64,L82
ITM12541,Groceries,290,97,10,3,11.46,6.77,0.78,L4
ITM12542,Electronics,190,59,7,2,15.28,6.7,0.74,L64
ITM12543,Automotive,178,93,9,8,42.87,2.05,0.89,L81
ITM12544,Pharma,220,25,11,7,49.95,2.93,0.95,L70
ITM12545,Apparel,64,85,7,3,16.59,2.85,0.13,L38
ITM12546,Electronics,469,86,13,4,8.29,9.62,0.98,L83
ITM12547,Groceries,283,48,7,8,39.87,1.14,0.88,L39
ITM12548,Apparel,90,98,6,3,30.42,4.57,0.44,L62
ITM12549,Groceries,383,55,8,5,5.92,8.78,0.85,L32
ITM12550,Pharma,390,97,4,3,47.39,7.81,0.76,L88
ITM12551,Automotive,122,56,5,5,4.82,8.31,0.81,L52
ITM12552,Apparel,144,53,3,9,31.64,9.74,0.3,L39
ITM12553,Apparel,332,18,4,5,21.77,4.18,0.68,L59
ITM12554,Pharma,483,96,4,4,28.27,3.44,0.12,L10
ITM12555,Electronics,305,59,10,3,11.45,0.79,0.86,L89
ITM12556,Automotive,477,86,10,3,34.72,1.93,0.96,L8
ITM12557,Apparel,249,69,4,6,48.03,5.84,0.7,L21
ITM12558,Automotive,165,24,8,8,23.46,2.0,0.56,L57
ITM12559,Apparel,389,45,7,6,26.62,7.49,0.75,L54
ITM12560,Automotive,216,72,5,2,12.75,0.85,0.39,L62
ITM12561,Groceries,392,78,7,5,44.7,2.97,0.66,L60
ITM12562,Apparel,240,95,7,4,48.59,7.11,0.75,L27
ITM12563,Automotive,442,89,7,6,39.53,2.93,0.23,L44
ITM12564,Electronics,79,50,5,3,27.6,7.42,0.23,L78
ITM12565,Groceries,117,83,5,2,47.88,9.96,0.74,L19
ITM12566,Groceries,190,33,6,4,8.54,8.07,0.49,L41
ITM12567,Electronics,401,91,9,7,24.45,3.75,0.9,L92
ITM12568,Automotive,192,58,14,3,27.34,9.06,0.38,L41
ITM12569,Pharma,170,27,14,3,25.1,0.99,0.14,L94
ITM12570,Electronics,472,16,14,9,40.32,7.39,0.68,L45
ITM12571,Automotive,369,13,4,7,33.85,0.72,0.72,L52
ITM12572,Electronics,409,99,12,5,7.21,2.16,0.6,L17
ITM12573,Electronics,459,78,6,5,17.98,9.88,0.71,L98
ITM12574,Apparel,141,69,6,6,17.61,3.93,0.57,L48
ITM12575,Automotive,127,64,3,6,28.72,8.29,0.72,L66
ITM12576,Pharma,23,25,12,3,15.28,4.07,0.14,L72
ITM12577,Apparel,112,99,10,8,6.75,8.48,0.43,L14
ITM12578,Electronics,426,91,3,3,33.03,9.67,0.29,L41
ITM12579,Electronics,25,38,10,6,42.7,4.64,0.19,L31
ITM12580,Electronics,307,32,9,7,46.65,5.81,0.31,L60
ITM12581,Automotive,125,23,11,6,48.66,6.47,0.27,L16
ITM12582,Automotive,165,88,10,3,39.27,9.38,0.98,L35
ITM12583,Apparel,290,58,7,4,7.85,2.94,0.36,L58
ITM12584,Pharma,443,42,10,3,42.8,6.31,0.31,L32
ITM12585,Apparel,397,34,13,4,20.6,3.58,0.85,L19
ITM12586,Groceries,115,30,12,4,36.77,2.56,0.48,L13
ITM12587,Electronics,476,26,14,3,27.03,1.31,0.48,L7
ITM12588,Electronics,248,32,14,8,41.6,6.4,0.5,L38
ITM12589,Electronics,221,66,5,8,21.85,8.88,0.47,L50
ITM12590,Apparel,231,90,12,2,4.03,3.84,0.39,L79
ITM12591,Apparel,25,67,9,6,28.28,5.75,0.36,L54
ITM12592,Electronics,131,23,14,8,9.39,6.6,0.89,L32
ITM12593,Apparel,395,29,6,5,48.31,4.44,0.25,L21
ITM12594,Automotive,398,39,7,3,26.82,9.08,0.26,L42
ITM12595,Automotive,466,28,11,4,28.12,3.95,0.61,L74
ITM12596,Apparel,342,62,9,3,45.46,1.69,0.41,L93
ITM12597,Electronics,125,65,6,6,31.6,1.87,0.48,L41
ITM12598,Apparel,158,86,8,7,15.83,8.96,0.83,L25
ITM12599,Apparel,318,91,12,8,15.51,9.89,0.91,L98
ITM12600,Apparel,420,32,13,8,25.58,3.24,0.81,L21
ITM12601,Groceries,115,71,9,8,43.46,1.86,0.31,L64
ITM12602,Automotive,407,42,12,4,39.94,5.08,0.98,L66
ITM12603,Pharma,466,27,11,5,48.17,7.24,0.43,L60
ITM12604,Pharma,471,82,6,9,4.52,6.32,0.25,L64
ITM12605,Groceries,356,42,12,5,14.15,9.54,0.55,L40
ITM12606,Apparel,316,41,5,8,4.93,8.27,0.75,L64
ITM12607,Groceries,486,70,10,5,37.8,8.76,0.17,L3
ITM12608,Groceries,408,63,3,7,7.9,5.65,0.67,L12
ITM12609,Electronics,435,26,11,8,5.89,3.61,0.87,L51
ITM12610,Automotive,233,28,3,2,28.52,7.17,0.34,L65
ITM12611,Pharma,473,79,4,4,21.16,4.67,0.72,L59
ITM12612,Apparel,310,43,10,7,36.04,3.23,0.46,L31
ITM12613,Pharma,41,93,11,9,24.86,1.95,0.47,L28
ITM12614,Pharma,212,34,9,4,21.84,5.51,0.35,L75
ITM12615,Automotive,487,77,5,9,21.85,6.15,0.66,L46
ITM12616,Pharma,169,83,9,8,43.72,5.9,0.42,L7
ITM12617,Pharma,387,83,8,7,20.37,1.61,0.85,L7
ITM12618,Groceries,266,97,4,8,17.34,5.91,0.97,L37
ITM12619,Automotive,286,94,5,9,17.59,2.1,0.94,L64
ITM12620,Electronics,480,20,13,9,10.63,6.81,0.25,L77
ITM12621,Apparel,270,25,14,7,43.17,4.58,0.11,L84
ITM12622,Pharma,22,99,12,8,8.18,8.56,0.49,L87
ITM12623,Apparel,412,70,12,2,45.52,7.89,0.76,L61
ITM12624,Electronics,335,89,14,4,14.89,7.38,0.98,L37
ITM12625,Apparel,95,16,7,7,45.07,7.16,0.81,L69
ITM12626,Electronics,106,25,12,2,39.75,5.82,0.62,L2
ITM12627,Groceries,289,25,6,3,29.52,1.08,0.12,L14
ITM12628,Pharma,244,49,4,8,33.8,6.73,0.84,L56
ITM12629,Electronics,37,21,6,6,16.97,4.94,0.26,L18
ITM12630,Apparel,132,44,14,7,29.14,4.96,0.15,L34
ITM12631,Pharma,270,30,10,5,15.33,4.1,0.87,L94
ITM12632,Groceries,252,59,7,2,20.71,9.33,0.61,L47
ITM12633,Pharma,348,52,7,2,38.47,2.87,0.22,L98
ITM12634,Electronics,298,26,14,7,12.95,3.51,0.45,L52
ITM12635,Groceries,221,41,14,9,42.1,9.65,0.18,L47
ITM12636,Apparel,102,50,12,2,19.42,8.2,0.67,L6
ITM12637,Groceries,144,15,5,3,27.08,0.63,0.35,L52
ITM12638,Groceries,194,97,10,2,47.16,9.11,0.88,L7
ITM12639,Automotive,88,36,8,6,34.38,2.65,0.42,L73
ITM12640,Groceries,66,29,4,6,32.63,7.21,0.55,L72
ITM12641,Groceries,391,34,4,9,35.87,5.75,0.16,L25
ITM12642,Pharma,275,75,11,8,45.99,5.6,0.35,L47
ITM12643,Apparel,234,18,9,8,13.18,7.32,0.71,L71
ITM12644,Pharma,49,62,12,9,31.05,2.47,0.76,L37
ITM12645,Pharma,300,70,11,5,20.62,2.01,0.32,L10
ITM12646,Electronics,431,47,8,3,1.58,6.69,0.55,L50
ITM12647,Pharma,256,12,7,6,7.14,3.26,0.84,L65
ITM12648,Automotive,267,93,14,9,16.92,9.75,0.44,L58
ITM12649,Automotive,387,79,3,7,28.68,4.79,0.22,L98
ITM12650,Electronics,44,64,14,4,44.19,1.56,0.49,L71
ITM12651,Apparel,93,10,8,4,39.76,7.02,0.64,L36
ITM12652,Apparel,225,79,8,4,28.11,3.41,0.11,L80
ITM12653,Pharma,333,54,5,8,4.62,1.91,0.41,L88
ITM12654,Pharma,113,56,5,7,15.01,4.52,0.65,L79
ITM12655,Pharma,394,88,5,2,18.97,9.66,0.96,L16
ITM12656,Apparel,146,35,5,7,31.46,4.41,0.47,L17
ITM12657,Groceries,444,23,9,2,4.18,3.8,0.25,L13
ITM12658,Automotive,44,63,12,4,26.98,4.72,0.58,L51
ITM12659,Groceries,353,80,13,5,45.17,0.62,0.36,L48
ITM12660,Groceries,374,55,4,5,35.57,1.76,0.29,L44
ITM12661,Apparel,135,40,12,9,40.06,8.57,0.63,L72
ITM12662,Groceries,67,97,12,2,34.4,9.79,0.92,L47
ITM12663,Electronics,245,68,4,4,11.12,2.0,0.85,L97
ITM12664,Pharma,285,38,5,7,6.41,5.59,0.26,L19
ITM12665,Electronics,118,26,12,5,41.65,9.68,0.79,L26
ITM12666,Automotive,478,23,14,2,35.08,1.99,0.31,L78
ITM12667,Pharma,30,45,9,9,29.18,2.27,0.36,L66
ITM12668,Groceries,104,67,5,7,10.27,9.3,0.93,L52
ITM12669,Automotive,424,33,9,4,30.56,7.2,0.92,L65
ITM12670,Pharma,233,72,11,3,2.53,1.94,0.25,L6
ITM12671,Groceries,192,34,13,4,6.82,4.24,0.16,L6
ITM12672,Electronics,410,68,12,8,16.28,1.03,0.36,L5
ITM12673,Pharma,228,41,14,4,22.74,4.61,0.62,L18
ITM12674,Groceries,467,91,13,9,6.91,7.89,0.89,L92
ITM12675,Electronics,401,27,6,7,6.88,5.76,0.21,L43
ITM12676,Automotive,83,46,9,9,36.57,6.65,0.47,L61
ITM12677,Automotive,277,35,11,7,28.92,3.6,0.34,L67
ITM12678,Automotive,351,18,10,6,27.15,2.03,0.11,L59
ITM12679,Automotive,140,73,10,6,23.17,0.62,0.81,L20
ITM12680,Apparel,317,81,11,7,48.85,8.3,0.83,L78
ITM12681,Pharma,485,29,7,7,3.44,6.55,0.3,L66
ITM12682,Pharma,73,63,7,3,9.85,2.68,0.24,L18
ITM12683,Apparel,350,95,5,3,32.73,4.48,0.23,L42
ITM12684,Groceries,291,92,7,4,7.68,8.11,0.52,L79
ITM12685,Groceries,260,39,10,9,29.88,5.62,0.32,L41
ITM12686,Automotive,262,62,14,8,28.82,3.35,0.56,L21
ITM12687,Electronics,37,72,7,9,48.58,3.04,0.45,L51
ITM12688,Groceries,206,20,6,5,44.29,2.57,0.29,L79
ITM12689,Electronics,365,40,10,9,47.33,8.33,0.78,L95
ITM12690,Pharma,163,58,9,8,6.57,6.03,0.24,L39
ITM12691,Electronics,281,96,8,3,43.54,7.24,0.82,L76
ITM12692,Pharma,460,28,7,4,7.33,8.67,0.61,L44
ITM12693,Apparel,383,21,7,8,32.01,9.88,0.85,L65
ITM12694,Apparel,450,24,12,9,36.28,2.87,0.1,L66
ITM12695,Automotive,258,40,4,2,8.88,2.22,0.77,L69
ITM12696,Groceries,323,52,6,6,32.0,4.89,0.15,L63
ITM12697,Automotive,317,46,10,8,3.57,0.83,0.96,L91
ITM12698,Pharma,95,88,10,5,15.37,8.02,0.73,L73
ITM12699,Automotive,207,38,13,4,46.14,8.9,0.39,L39
ITM12700,Electronics,352,35,3,8,9.41,7.02,0.39,L61
ITM12701,Pharma,407,11,4,7,4.2,3.05,0.88,L3
ITM12702,Apparel,265,93,7,9,22.74,1.67,0.91,L48
ITM12703,Groceries,149,24,11,2,42.68,4.13,0.9,L43
ITM12704,Pharma,493,13,12,6,4.76,8.42,0.83,L87
ITM12705,Pharma,334,95,13,2,18.42,3.8,0.84,L15
ITM12706,Electronics,430,59,14,4,45.09,0.83,0.62,L54
ITM12707,Groceries,302,47,13,9,6.79,3.11,0.13,L75
ITM12708,Apparel,98,32,9,3,16.22,9.9,0.18,L40
ITM12709,Pharma,91,68,12,6,39.14,6.93,0.68,L93
ITM12710,Pharma,282,99,7,9,27.62,9.06,0.46,L89
ITM12711,Electronics,210,84,3,2,41.78,7.86,0.61,L81
ITM12712,Automotive,386,37,8,3,6.47,5.63,0.31,L4
ITM12713,Apparel,394,75,14,5,46.11,1.91,0.68,L77
ITM12714,Groceries,449,17,10,4,46.81,3.81,0.32,L61
ITM12715,Pharma,82,38,9,4,8.61,6.05,0.51,L34
ITM12716,Pharma,399,20,4,6,2.66,8.77,0.53,L84
ITM12717,Apparel,31,27,14,2,49.5,3.05,0.26,L100
ITM12718,Automotive,160,64,7,5,24.63,1.65,0.89,L75
ITM12719,Pharma,273,59,13,7,29.03,5.81,0.57,L74
ITM12720,Apparel,62,23,6,6,31.18,2.18,0.88,L30
ITM12721,Electronics,36,83,11,9,39.69,6.3,0.34,L93
ITM12722,Automotive,82,18,12,7,40.79,3.0,0.26,L7
ITM12723,Groceries,272,20,3,6,10.5,2.69,0.12,L75
ITM12724,Pharma,484,72,14,2,12.6,4.29,0.18,L62
ITM12725,Apparel,395,85,8,5,43.96,6.14,0.23,L22
ITM12726,Electronics,311,76,5,2,41.16,5.68,0.17,L68
ITM12727,Groceries,488,62,13,4,31.26,2.82,0.91,L81
ITM12728,Apparel,27,48,11,7,49.74,8.97,0.92,L93
ITM12729,Apparel,344,87,7,3,37.02,1.54,0.94,L80
ITM12730,Groceries,109,65,8,8,11.58,0.87,0.96,L100
ITM12731,Electronics,227,37,13,9,42.49,6.23,0.54,L49
ITM12732,Electronics,311,84,11,4,21.32,1.67,0.58,L19
ITM12733,Automotive,303,48,11,4,2.77,5.3,0.22,L88
ITM12734,Pharma,137,34,10,7,16.75,9.54,0.22,L32
ITM12735,Groceries,368,30,11,9,38.41,7.14,0.8,L5
ITM12736,Groceries,194,19,6,6,48.05,6.37,0.87,L74
ITM12737,Groceries,95,52,8,4,14.53,5.96,0.81,L90
ITM12738,Electronics,120,24,7,8,13.08,2.21,0.85,L15
ITM12739,Pharma,433,92,7,5,28.62,4.61,0.35,L25
ITM12740,Automotive,170,57,6,4,40.77,3.75,0.52,L3
ITM12741,Apparel,419,95,4,5,37.58,9.55,0.51,L57
ITM12742,Apparel,289,30,14,2,28.44,2.8,1.0,L41
ITM12743,Groceries,477,69,8,9,31.94,4.98,0.95,L54
ITM12744,Pharma,90,59,11,6,12.86,9.41,0.64,L20
ITM12745,Electronics,199,32,14,5,22.2,8.0,0.22,L53
ITM12746,Pharma,143,22,3,4,13.51,9.66,0.33,L89
ITM12747,Pharma,400,78,9,6,44.34,6.28,0.43,L27
ITM12748,Electronics,312,13,8,8,6.52,3.67,0.89,L53
ITM12749,Groceries,304,87,5,6,34.31,8.35,0.25,L65
ITM12750,Pharma,214,81,3,5,13.75,3.27,0.3,L100
ITM12751,Apparel,418,18,6,9,24.3,2.07,0.41,L79
ITM12752,Electronics,247,44,11,5,15.67,7.21,0.93,L61
ITM12753,Automotive,450,30,4,3,16.84,6.57,0.55,L95
ITM12754,Groceries,449,67,5,3,13.76,8.85,0.68,L94
ITM12755,Electronics,455,27,4,6,37.89,9.64,0.45,L8
ITM12756,Automotive,294,81,4,7,18.92,8.64,0.27,L91
ITM12757,Automotive,480,90,12,9,36.59,1.07,0.3,L18
ITM12758,Pharma,125,52,13,7,23.35,6.81,0.82,L67
ITM12759,Pharma,40,15,13,3,27.82,7.95,0.9,L27
ITM12760,Pharma,83,95,10,4,27.62,9.83,0.54,L72
ITM12761,Electronics,184,87,5,2,48.82,4.06,0.42,L42
ITM12762,Electronics,46,76,9,6,18.99,2.11,0.83,L85
ITM12763,Groceries,330,21,10,2,11.18,8.6,0.71,L62
ITM12764,Pharma,304,21,5,3,45.68,3.52,0.14,L68
ITM12765,Automotive,167,75,4,5,9.57,6.18,0.42,L49
ITM12766,Apparel,300,11,10,8,41.89,4.2,0.71,L41
ITM12767,Groceries,345,24,5,6,8.36,4.32,0.62,L23
ITM12768,Electronics,338,32,9,3,33.28,7.46,0.98,L59
ITM12769,Groceries,183,38,14,9,8.38,3.93,0.88,L69
ITM12770,Groceries,405,90,3,4,46.23,7.08,0.15,L44
ITM12771,Groceries,425,16,14,8,28.69,0.64,0.75,L70
ITM12772,Groceries,243,37,8,6,17.13,3.58,0.4,L46
ITM12773,Apparel,291,23,14,6,7.88,3.53,0.71,L87
ITM12774,Pharma,165,53,14,9,19.19,7.61,0.66,L99
ITM12775,Automotive,472,39,11,7,35.55,3.49,0.55,L93
ITM12776,Groceries,457,90,14,5,19.86,6.52,0.87,L88
ITM12777,Groceries,375,41,5,6,13.06,7.04,0.74,L83
ITM12778,Groceries,49,79,9,5,29.29,6.76,0.9,L89
ITM12779,Pharma,64,97,8,3,21.47,6.23,0.35,L34
ITM12780,Electronics,294,15,10,4,9.12,4.43,0.41,L79
ITM12781,Electronics,490,36,5,8,8.55,4.05,0.66,L62
ITM12782,Apparel,53,91,5,8,35.67,5.86,0.97,L25
ITM12783,Electronics,160,97,6,4,48.76,1.11,0.43,L32
ITM12784,Groceries,446,33,5,6,12.42,8.82,0.13,L36
ITM12785,Groceries,337,43,11,6,38.88,8.34,0.5,L72
ITM12786,Groceries,393,49,13,3,5.29,3.79,0.59,L39
ITM12787,Apparel,240,56,6,7,19.7,5.88,0.82,L29
ITM12788,Groceries,375,88,8,7,25.83,9.36,0.76,L39
ITM12789,Electronics,41,84,10,7,14.17,3.08,0.97,L99
ITM12790,Pharma,199,95,13,5,26.95,7.55,0.8,L37
ITM12791,Pharma,455,33,10,7,44.25,1.29,0.37,L91
ITM12792,Automotive,386,74,7,4,47.28,5.47,0.68,L27
ITM12793,Electronics,439,27,7,8,5.93,8.9,0.71,L89
ITM12794,Groceries,348,53,8,8,14.32,5.74,1.0,L91
ITM12795,Pharma,250,85,12,5,48.98,6.35,0.22,L63
ITM12796,Electronics,422,66,9,3,14.25,9.12,0.27,L41
ITM12797,Pharma,57,37,12,4,34.94,7.3,0.24,L62
ITM12798,Groceries,89,80,9,8,13.42,7.11,0.63,L45
ITM12799,Pharma,135,32,6,4,18.46,6.07,0.22,L72
ITM12800,Automotive,258,94,8,8,10.37,6.51,0.69,L93
ITM12801,Automotive,354,43,9,2,42.96,8.14,0.82,L36
ITM12802,Pharma,460,20,7,3,44.25,9.8,0.49,L37
ITM12803,Electronics,167,95,7,3,15.55,8.06,0.6,L16
ITM12804,Electronics,28,44,4,9,41.36,7.22,0.92,L74
ITM12805,Electronics,307,51,9,2,18.55,1.79,0.61,L87
ITM12806,Pharma,407,37,14,5,5.85,8.26,0.29,L70
ITM12807,Electronics,69,91,8,8,38.15,7.49,0.41,L49
ITM12808,Groceries,357,87,13,9,30.23,7.82,0.58,L51
ITM12809,Automotive,24,91,3,8,14.44,2.7,0.24,L45
ITM12810,Groceries,423,33,6,8,13.4,9.08,0.65,L99
ITM12811,Electronics,362,17,5,7,48.81,1.42,1.0,L19
ITM12812,Groceries,145,62,14,7,43.26,2.91,0.69,L38
ITM12813,Electronics,94,81,5,7,40.68,6.8,0.44,L6
ITM12814,Pharma,184,13,9,7,7.27,6.9,0.4,L37
ITM12815,Groceries,297,14,13,7,38.0,3.48,0.94,L92
ITM12816,Pharma,461,58,14,2,11.51,7.16,0.88,L11
ITM12817,Pharma,343,39,12,3,48.89,4.19,0.53,L45
ITM12818,Apparel,496,81,6,5,3.55,0.5,0.42,L57
ITM12819,Electronics,319,72,14,4,18.25,2.04,0.74,L84
ITM12820,Automotive,309,56,10,7,22.0,8.88,0.38,L33
ITM12821,Electronics,96,35,13,2,41.39,2.62,0.21,L96
ITM12822,Automotive,317,66,11,9,38.54,1.57,0.38,L62
ITM12823,Electronics,156,46,5,9,19.37,6.98,0.49,L28
ITM12824,Pharma,125,16,7,8,28.71,4.69,0.33,L26
ITM12825,Groceries,114,49,6,5,41.94,8.07,0.3,L69
ITM12826,Groceries,154,48,14,9,1.89,8.68,0.11,L35
ITM12827,Apparel,87,71,12,5,40.31,8.54,0.67,L72
ITM12828,Automotive,166,87,8,5,47.4,3.47,0.65,L90
ITM12829,Automotive,497,62,13,2,2.57,5.3,0.27,L35
ITM12830,Automotive,178,13,12,4,3.23,6.68,0.95,L18
ITM12831,Pharma,403,91,6,7,17.88,3.56,0.47,L14
ITM12832,Automotive,182,34,10,5,5.3,0.89,0.12,L79
ITM12833,Groceries,460,16,5,2,24.48,5.21,0.3,L95
ITM12834,Pharma,360,37,13,8,36.71,0.62,0.72,L76
ITM12835,Electronics,208,78,7,3,28.78,9.53,0.28,L31
ITM12836,Automotive,434,76,3,8,10.63,8.07,0.15,L32
ITM12837,Automotive,358,29,8,2,33.09,2.32,0.66,L7
ITM12838,Electronics,114,92,13,2,34.56,3.23,0.57,L86
ITM12839,Automotive,200,20,7,2,46.69,9.84,0.79,L68
ITM12840,Electronics,307,76,10,5,8.19,4.05,0.8,L29
ITM12841,Pharma,341,96,11,2,34.92,7.95,0.96,L82
ITM12842,Groceries,206,16,10,3,45.66,4.74,0.15,L30
ITM12843,Electronics,391,32,10,5,25.58,8.71,0.14,L7
ITM12844,Apparel,157,70,14,8,18.73,7.19,0.99,L13
ITM12845,Electronics,149,80,5,3,9.37,0.72,0.68,L53
ITM12846,Automotive,213,43,6,9,43.47,3.3,0.74,L43
ITM12847,Pharma,335,28,13,6,20.32,5.8,0.19,L92
ITM12848,Pharma,491,67,6,8,46.32,9.3,0.16,L61
ITM12849,Electronics,292,18,13,2,42.54,1.47,0.24,L13
ITM12850,Groceries,371,57,7,7,19.46,6.21,0.48,L88
ITM12851,Apparel,163,91,11,7,29.12,3.37,0.2,L99
ITM12852,Pharma,35,50,14,5,2.33,8.95,0.5,L18
ITM12853,Automotive,321,57,11,7,13.9,7.77,0.61,L1
ITM12854,Automotive,442,54,12,8,35.8,4.01,0.1,L71
ITM12855,Groceries,264,34,14,5,34.22,2.09,0.2,L21
ITM12856,Pharma,434,87,3,8,18.32,0.61,0.44,L53
ITM12857,Electronics,126,34,10,2,40.62,6.4,0.15,L84
ITM12858,Automotive,107,28,3,4,12.56,4.36,0.22,L61
ITM12859,Groceries,148,48,4,4,23.6,3.49,0.31,L62
ITM12860,Pharma,414,88,9,3,24.15,9.86,0.49,L84
ITM12861,Pharma,394,89,10,2,17.7,4.93,0.74,L26
ITM12862,Pharma,360,36,3,7,47.78,7.62,0.22,L97
ITM12863,Pharma,23,83,5,2,35.14,2.19,0.76,L37
ITM12864,Pharma,346,72,9,6,27.42,0.63,0.87,L42
ITM12865,Automotive,429,77,11,4,26.02,4.47,0.69,L37
ITM12866,Groceries,386,28,10,7,8.81,6.82,0.14,L83
ITM12867,Pharma,325,37,10,8,19.24,5.31,0.5,L8
ITM12868,Apparel,415,94,11,8,33.97,8.96,0.69,L99
ITM12869,Apparel,114,87,12,4,46.3,4.62,0.98,L12
ITM12870,Groceries,228,42,5,2,41.01,3.45,0.96,L84
ITM12871,Electronics,244,19,10,7,15.72,9.2,0.46,L74
ITM12872,Electronics,478,92,3,3,22.26,4.36,0.65,L30
ITM12873,Electronics,367,39,10,8,5.06,3.06,0.9,L69
ITM12874,Apparel,499,31,9,2,6.01,1.43,0.85,L95
ITM12875,Electronics,340,12,10,3,24.04,8.04,0.53,L93
ITM12876,Automotive,66,91,3,9,26.98,8.34,0.34,L5
ITM12877,Pharma,495,84,8,7,13.94,0.82,0.22,L23
ITM12878,Apparel,200,57,9,4,32.5,3.91,0.54,L54
ITM12879,Groceries,125,11,13,9,35.47,7.62,0.75,L23
ITM12880,Groceries,218,85,7,6,15.66,9.49,0.97,L5
ITM12881,Pharma,405,63,7,9,38.16,4.09,0.88,L51
ITM12882,Apparel,125,15,9,5,11.07,8.78,0.28,L64
ITM12883,Electronics,299,49,13,4,27.67,4.24,0.75,L24
ITM12884,Electronics,279,11,5,3,40.41,2.21,0.36,L96
ITM12885,Automotive,127,82,8,2,27.31,0.53,0.72,L38
ITM12886,Automotive,38,11,9,9,45.49,3.64,0.7,L5
ITM12887,Electronics,429,83,3,8,3.87,4.1,0.35,L2
ITM12888,Groceries,478,64,14,7,29.83,9.48,0.31,L39
ITM12889,Groceries,315,81,4,9,28.53,2.46,0.19,L73
ITM12890,Automotive,325,69,14,4,33.36,4.13,0.15,L78
ITM12891,Pharma,190,15,6,8,41.84,0.74,0.87,L14
ITM12892,Electronics,350,28,10,8,36.57,7.75,0.14,L43
ITM12893,Automotive,214,36,13,6,39.72,9.19,0.18,L37
ITM12894,Automotive,31,10,12,7,15.15,2.76,0.31,L59
ITM12895,Electronics,214,42,8,9,19.99,4.58,0.9,L83
ITM12896,Electronics,302,49,3,3,31.71,1.66,0.4,L70
ITM12897,Groceries,388,41,12,7,28.12,4.84,0.27,L68
ITM12898,Pharma,201,78,7,9,48.09,1.77,0.74,L64
ITM12899,Pharma,469,26,9,7,10.15,5.47,0.39,L18
ITM12900,Electronics,324,17,8,2,18.21,7.48,0.4,L65
ITM12901,Apparel,163,66,14,5,29.07,5.76,0.77,L60
ITM12902,Automotive,405,51,11,9,43.53,2.83,0.33,L35
ITM12903,Automotive,335,18,10,8,46.54,3.86,0.91,L25
ITM12904,Electronics,201,96,6,3,17.47,6.57,0.61,L15
ITM12905,Apparel,49,44,13,9,4.29,6.1,0.58,L43
ITM12906,Groceries,103,80,14,9,21.66,1.8,0.34,L21
ITM12907,Electronics,185,88,7,2,20.32,8.53,0.85,L94
ITM12908,Electronics,303,62,9,8,49.34,5.01,0.62,L59
ITM12909,Automotive,300,63,10,5,22.12,2.04,0.24,L83
ITM12910,Electronics,115,93,7,2,15.98,1.67,0.29,L33
ITM12911,Electronics,400,34,11,5,18.9,9.67,0.52,L92
ITM12912,Electronics,285,76,12,5,20.45,3.17,0.8,L24
ITM12913,Automotive,463,71,14,5,41.26,9.13,0.95,L2
ITM12914,Groceries,317,64,6,2,4.97,4.4,0.7,L95
ITM12915,Groceries,315,55,6,7,16.51,4.17,0.56,L44
ITM12916,Electronics,244,33,10,9,48.35,7.16,0.33,L38
ITM12917,Automotive,352,55,3,5,8.5,0.59,0.71,L73
ITM12918,Groceries,380,31,10,7,37.39,3.71,0.98,L87
ITM12919,Groceries,393,20,7,9,18.46,3.38,0.53,L97
ITM12920,Groceries,61,57,13,8,29.51,8.75,0.25,L25
ITM12921,Automotive,322,17,3,9,5.88,5.53,0.19,L23
ITM12922,Automotive,440,48,6,8,16.01,3.96,0.34,L79
ITM12923,Electronics,265,44,4,3,25.54,3.03,0.61,L82
ITM12924,Pharma,227,58,6,6,12.35,6.11,0.95,L52
ITM12925,Groceries,256,55,10,7,27.55,1.94,0.37,L55
ITM12926,Pharma,41,47,7,9,11.77,2.84,0.37,L66
ITM12927,Automotive,204,17,3,8,32.85,3.29,0.53,L42
ITM12928,Automotive,487,63,9,6,45.31,6.28,0.93,L12
ITM12929,Automotive,261,46,3,5,5.19,4.05,0.48,L52
ITM12930,Pharma,382,49,11,6,11.61,5.3,0.3,L86
ITM12931,Automotive,302,43,5,6,42.38,6.68,0.25,L13
ITM12932,Electronics,60,88,14,5,31.95,9.58,0.51,L24
ITM12933,Automotive,355,26,5,7,4.86,7.77,0.82,L18
ITM12934,Apparel,181,42,8,9,24.83,4.35,0.36,L62
ITM12935,Pharma,179,56,12,5,11.28,7.61,0.56,L42
ITM12936,Apparel,493,61,8,3,10.76,9.52,0.64,L32
ITM12937,Automotive,108,89,13,4,47.09,5.24,0.51,L1
ITM12938,Electronics,341,18,13,9,38.32,4.4,0.27,L34
ITM12939,Groceries,31,42,8,2,35.12,1.24,0.93,L50
ITM12940,Automotive,443,69,3,5,12.71,8.98,0.61,L31
ITM12941,Electronics,92,86,7,5,6.81,2.84,0.76,L58
ITM12942,Pharma,95,30,14,6,43.67,1.11,0.67,L97
ITM12943,Apparel,365,67,8,3,1.29,5.6,1.0,L35
ITM12944,Apparel,220,94,10,8,20.02,8.54,0.51,L43
ITM12945,Apparel,29,78,3,8,14.6,4.36,0.48,L39
ITM12946,Pharma,371,19,7,6,28.95,7.94,0.42,L75
ITM12947,Electronics,245,15,5,7,13.27,8.45,0.43,L93
ITM12948,Pharma,195,22,4,9,16.25,4.82,0.35,L74
ITM12949,Apparel,295,74,13,5,42.65,6.11,0.98,L2
ITM12950,Automotive,58,29,10,9,30.56,5.57,0.88,L34
ITM12951,Groceries,79,66,9,9,8.14,9.42,0.39,L84
ITM12952,Pharma,85,55,12,5,36.6,7.39,0.37,L47
ITM12953,Pharma,340,17,9,6,11.17,9.29,0.19,L89
ITM12954,Electronics,454,19,7,9,22.22,2.59,0.89,L31
ITM12955,Electronics,143,82,14,5,32.68,3.45,0.43,L8
ITM12956,Pharma,183,76,11,7,14.32,1.17,0.62,L86
ITM12957,Apparel,427,20,7,9,19.82,5.25,0.91,L16
ITM12958,Groceries,430,21,4,4,36.97,8.8,0.47,L60
ITM12959,Electronics,405,19,5,2,46.96,3.61,0.83,L40
ITM12960,Apparel,178,34,6,2,26.93,1.72,0.49,L21
ITM12961,Automotive,76,58,7,2,1.49,1.15,0.73,L52
ITM12962,Electronics,97,58,5,4,17.58,4.75,0.49,L88
ITM12963,Apparel,213,98,14,5,20.53,2.06,0.45,L65
ITM12964,Apparel,304,20,9,6,17.62,3.79,0.99,L91
ITM12965,Groceries,34,71,7,8,22.38,8.29,0.65,L99
ITM12966,Groceries,31,45,7,3,32.0,4.15,0.43,L40
ITM12967,Automotive,120,48,8,5,6.94,6.29,0.33,L89
ITM12968,Apparel,175,62,9,4,14.36,5.27,0.14,L16
ITM12969,Apparel,359,99,12,9,25.87,7.33,0.74,L82
ITM12970,Groceries,144,87,12,7,16.46,1.98,0.43,L38
ITM12971,Electronics,378,65,10,4,49.56,9.24,0.84,L48
ITM12972,Electronics,299,10,11,9,22.14,6.61,0.43,L79
ITM12973,Pharma,424,65,13,8,43.62,3.07,0.44,L29
ITM12974,Groceries,413,13,6,2,44.93,1.67,0.8,L29
ITM12975,Pharma,129,39,7,5,41.96,1.92,0.54,L18
ITM12976,Groceries,353,21,7,8,3.3,7.94,0.9,L62
ITM12977,Automotive,376,44,10,2,47.44,6.09,0.63,L20
ITM12978,Apparel,165,86,11,3,7.31,4.12,0.32,L59
ITM12979,Automotive,235,61,9,9,2.69,3.66,0.61,L96
ITM12980,Groceries,417,40,7,9,21.3,8.63,0.1,L78
ITM12981,Apparel,181,96,5,7,10.54,8.81,0.38,L48
ITM12982,Electronics,147,77,3,2,10.03,6.02,0.29,L54
ITM12983,Electronics,333,61,13,3,15.1,5.48,0.69,L90
ITM12984,Pharma,351,89,11,9,13.17,8.26,0.22,L71
ITM12985,Groceries,169,16,7,4,34.55,7.62,0.36,L61
ITM12986,Groceries,473,31,11,2,10.15,4.3,0.4,L97
ITM12987,Electronics,55,84,12,2,27.61,1.29,0.1,L69
ITM12988,Automotive,192,65,14,6,49.33,7.8,0.14,L86
ITM12989,Apparel,439,67,6,7,22.19,2.1,0.38,L28
ITM12990,Automotive,41,73,7,7,32.45,0.66,0.3,L98
ITM12991,Automotive,225,21,6,8,48.5,8.51,0.21,L32
ITM12992,Electronics,146,16,4,4,7.74,5.99,0.24,L88
ITM12993,Electronics,355,64,14,6,21.51,8.97,0.85,L97
ITM12994,Electronics,464,71,3,8,42.66,5.1,0.71,L77
ITM12995,Pharma,375,99,10,3,46.68,9.3,0.54,L11
ITM12996,Automotive,459,82,6,8,30.46,3.86,0.92,L68
ITM12997,Groceries,236,86,7,3,8.03,7.38,0.13,L58
ITM12998,Apparel,115,64,8,4,45.17,3.36,0.41,L68
ITM12999,Pharma,436,45,10,9,9.55,0.51,0.84,L91
ITM13000,Groceries,448,98,13,7,18.29,4.11,0.67,L47
ITM13001,Automotive,183,33,10,9,19.4,7.51,0.98,L10
ITM13002,Electronics,167,53,9,3,22.92,1.93,0.95,L73
ITM13003,Automotive,37,26,6,4,39.72,5.3,0.25,L15
ITM13004,Apparel,313,11,8,9,40.31,2.52,0.97,L8
ITM13005,Pharma,214,22,6,8,36.26,1.21,0.95,L71
ITM13006,Pharma,170,40,9,3,2.08,6.37,0.44,L65
ITM13007,Apparel,499,37,14,5,28.68,9.54,0.98,L26
ITM13008,Groceries,384,69,14,2,37.63,3.45,0.13,L74
ITM13009,Groceries,142,36,13,8,22.79,6.02,0.69,L69
ITM13010,Pharma,419,24,3,7,47.3,9.56,0.34,L20
ITM13011,Pharma,206,88,7,9,41.37,6.68,0.22,L22
ITM13012,Electronics,472,42,12,8,32.27,6.89,0.62,L42
ITM13013,Groceries,471,29,14,5,4.06,2.2,0.38,L67
ITM13014,Apparel,168,51,12,4,32.96,5.18,0.7,L57
ITM13015,Groceries,123,21,6,4,45.67,3.99,0.59,L15
ITM13016,Electronics,262,82,13,8,19.59,4.97,0.45,L88
ITM13017,Pharma,481,32,9,5,42.07,8.11,0.26,L27
ITM13018,Pharma,250,81,11,9,16.34,4.88,0.64,L92
ITM13019,Electronics,498,23,7,8,28.94,1.1,0.85,L75
ITM13020,Apparel,225,34,6,2,32.77,9.1,0.64,L63
ITM13021,Pharma,217,86,11,2,34.22,5.68,0.65,L12
ITM13022,Automotive,415,94,7,6,44.24,9.28,0.56,L66
ITM13023,Pharma,419,40,11,3,12.5,5.94,0.45,L58
ITM13024,Automotive,356,63,10,6,13.86,1.16,0.51,L8
ITM13025,Electronics,106,14,6,9,35.5,5.75,0.99,L59
ITM13026,Electronics,161,22,13,2,9.68,5.97,0.77,L17
ITM13027,Pharma,336,37,13,5,23.75,2.54,0.49,L66
ITM13028,Groceries,218,52,9,3,1.98,4.97,0.51,L54
ITM13029,Automotive,65,98,7,9,7.91,4.86,0.55,L59
ITM13030,Apparel,307,56,12,5,34.26,6.42,0.69,L73
ITM13031,Pharma,34,80,6,9,37.63,2.97,0.52,L8
ITM13032,Apparel,63,47,7,6,6.65,6.03,0.72,L72
ITM13033,Pharma,420,76,7,4,12.16,2.79,0.4,L60
ITM13034,Groceries,188,71,13,5,5.85,4.74,0.47,L87
ITM13035,Groceries,329,48,11,6,22.24,1.67,0.88,L40
ITM13036,Groceries,63,46,14,6,7.18,0.85,0.4,L93
ITM13037,Groceries,117,95,11,6,22.43,3.55,0.97,L3
ITM13038,Electronics,280,17,8,4,36.87,3.11,0.26,L51
ITM13039,Electronics,128,90,6,4,34.49,4.37,0.32,L33
ITM13040,Automotive,302,61,4,8,14.74,9.64,0.52,L1
ITM13041,Apparel,391,42,5,4,34.01,5.46,0.82,L96
ITM13042,Pharma,362,90,4,3,46.46,5.76,0.76,L28
ITM13043,Pharma,123,51,7,4,18.03,9.45,0.26,L75
ITM13044,Electronics,275,85,8,4,17.13,9.25,0.31,L10
ITM13045,Pharma,398,36,13,4,29.0,8.9,0.62,L6
ITM13046,Electronics,225,17,7,9,13.03,1.43,0.37,L55
ITM13047,Automotive,354,32,4,5,32.93,6.53,0.48,L45
ITM13048,Apparel,62,73,14,4,41.78,8.18,0.54,L90
ITM13049,Automotive,372,29,7,3,23.51,8.44,0.63,L9
ITM13050,Groceries,264,25,11,9,34.3,5.99,0.33,L70
ITM13051,Groceries,306,26,6,6,32.94,0.67,0.25,L8
ITM13052,Groceries,374,89,14,5,2.89,9.75,0.46,L9
ITM13053,Automotive,292,28,12,2,9.99,4.99,0.17,L61
ITM13054,Pharma,495,17,4,9,44.78,4.24,0.57,L5
ITM13055,Apparel,102,47,5,4,47.01,4.25,0.86,L37
ITM13056,Groceries,129,47,5,9,39.24,4.53,0.21,L53
ITM13057,Groceries,457,62,11,8,46.14,2.8,0.2,L24
ITM13058,Groceries,209,99,6,8,16.0,3.61,0.17,L99
ITM13059,Apparel,490,40,3,9,13.14,9.86,0.86,L18
ITM13060,Groceries,307,53,3,6,19.83,4.0,0.17,L99
ITM13061,Apparel,443,69,9,6,3.71,5.5,0.99,L83
ITM13062,Groceries,416,85,9,5,40.68,8.56,0.42,L94
ITM13063,Automotive,270,26,4,8,49.22,5.51,0.4,L83
ITM13064,Automotive,231,88,11,2,41.38,3.58,0.18,L54
ITM13065,Apparel,310,82,11,7,28.19,5.48,0.63,L48
ITM13066,Automotive,152,48,7,8,15.47,1.58,0.63,L49
ITM13067,Apparel,220,51,5,9,10.69,1.74,0.54,L58
ITM13068,Automotive,304,57,5,8,18.84,7.09,0.38,L49
ITM13069,Automotive,345,21,14,3,33.68,9.22,0.43,L49
ITM13070,Apparel,428,98,5,7,22.91,7.39,0.39,L11
ITM13071,Pharma,114,27,8,6,46.77,1.21,0.48,L88
ITM13072,Automotive,297,88,6,7,42.86,4.33,0.41,L85
ITM13073,Groceries,469,15,10,8,6.02,0.52,0.71,L70
ITM13074,Pharma,448,52,13,6,7.44,5.36,0.37,L18
ITM13075,Apparel,344,44,13,7,34.14,2.34,0.42,L84
ITM13076,Pharma,238,63,13,6,12.31,8.75,0.49,L45
ITM13077,Electronics,108,71,7,6,39.76,1.49,0.1,L16
ITM13078,Electronics,91,78,3,5,29.98,0.51,0.54,L23
ITM13079,Automotive,266,91,11,2,12.26,4.79,0.33,L69
ITM13080,Automotive,148,25,3,6,24.46,1.98,0.15,L51
ITM13081,Groceries,231,17,8,3,20.9,7.51,0.92,L68
ITM13082,Pharma,447,98,3,8,43.78,9.24,0.39,L17
ITM13083,Electronics,362,99,5,8,2.58,0.9,0.48,L94
ITM13084,Automotive,115,95,12,3,44.9,4.26,0.84,L29
ITM13085,Pharma,94,40,7,4,32.95,9.97,0.25,L1
ITM13086,Automotive,442,19,12,6,37.14,7.46,0.87,L97
ITM13087,Automotive,73,65,9,9,1.13,9.56,0.32,L3
ITM13088,Electronics,363,85,12,6,31.78,2.06,0.63,L39
ITM13089,Electronics,478,79,10,6,29.84,2.6,0.72,L60
ITM13090,Automotive,432,29,14,9,27.32,1.97,0.91,L87
ITM13091,Apparel,73,14,11,7,39.51,3.37,0.65,L93
ITM13092,Automotive,237,32,8,6,28.24,7.38,0.51,L70
ITM13093,Automotive,35,18,13,6,43.0,2.07,0.62,L55
ITM13094,Groceries,118,67,11,3,12.4,5.48,0.28,L69
ITM13095,Groceries,39,68,10,2,40.49,3.06,0.72,L49
ITM13096,Groceries,65,89,11,2,9.79,8.38,0.27,L30
ITM13097,Apparel,470,63,12,4,40.84,0.56,0.6,L32
ITM13098,Apparel,212,55,6,3,47.08,2.62,0.68,L59
ITM13099,Automotive,402,31,11,6,17.45,6.25,0.91,L45
ITM13100,Groceries,77,73,9,2,26.96,1.42,0.51,L20
ITM13101,Apparel,456,17,7,5,33.26,4.93,0.8,L36
ITM13102,Electronics,130,29,7,5,4.89,4.64,0.25,L25
ITM13103,Automotive,148,60,3,5,25.21,8.6,0.24,L93
ITM13104,Pharma,356,87,4,6,18.67,6.44,0.57,L98
ITM13105,Automotive,213,48,12,6,43.75,6.58,0.64,L15
ITM13106,Pharma,432,46,5,9,43.96,9.54,0.67,L5
ITM13107,Groceries,359,59,10,4,35.34,9.83,0.77,L85
ITM13108,Pharma,345,43,8,8,33.13,6.71,0.37,L54
ITM13109,Groceries,27,84,14,4,36.95,5.46,0.66,L79
ITM13110,Electronics,48,42,12,4,18.93,6.28,0.27,L99
ITM13111,Pharma,131,40,13,7,20.82,4.13,0.3,L3
ITM13112,Automotive,454,63,7,5,28.13,9.88,0.16,L31
ITM13113,Groceries,180,53,3,6,46.96,7.2,0.77,L27
ITM13114,Automotive,150,43,14,5,36.48,3.26,0.56,L9
ITM13115,Apparel,207,80,13,4,28.0,1.05,0.31,L13
ITM13116,Groceries,182,71,14,6,38.75,0.92,0.6,L77
ITM13117,Pharma,216,32,11,3,19.17,2.45,0.42,L5
ITM13118,Groceries,494,55,5,9,36.79,2.71,0.85,L58
ITM13119,Automotive,383,65,5,2,21.12,4.44,0.58,L77
ITM13120,Electronics,223,16,4,2,14.7,2.54,0.13,L87
ITM13121,Groceries,231,98,6,4,30.88,6.49,0.99,L91
ITM13122,Pharma,128,70,14,8,34.66,2.51,0.17,L7
ITM13123,Apparel,295,12,4,5,23.51,2.28,0.73,L32
ITM13124,Electronics,92,47,11,3,28.71,4.98,0.49,L95
ITM13125,Apparel,186,93,14,6,35.01,8.94,0.32,L6
ITM13126,Groceries,279,43,12,8,38.62,4.95,0.71,L52
ITM13127,Automotive,262,53,9,5,44.88,4.43,0.21,L57
ITM13128,Automotive,294,39,10,4,18.37,5.99,0.87,L30
ITM13129,Pharma,121,26,5,5,47.62,2.94,0.33,L70
ITM13130,Automotive,494,68,8,4,32.23,3.86,0.43,L28
ITM13131,Electronics,192,19,12,7,39.6,2.53,0.67,L97
ITM13132,Automotive,190,93,8,2,35.29,5.93,0.1,L100
ITM13133,Pharma,160,27,3,8,11.07,7.13,0.53,L8
ITM13134,Groceries,416,54,8,2,4.5,6.9,0.9,L18
ITM13135,Groceries,207,68,5,5,36.59,2.92,0.71,L65
ITM13136,Automotive,460,71,13,3,26.04,7.91,0.45,L38
ITM13137,Apparel,105,68,5,6,35.41,2.93,0.69,L30
ITM13138,Groceries,495,58,5,4,24.37,1.93,0.94,L94
ITM13139,Automotive,71,72,12,6,16.3,3.82,0.27,L74
ITM13140,Pharma,130,96,13,2,14.97,6.18,0.58,L41
ITM13141,Automotive,456,41,13,9,36.8,1.85,0.31,L74
ITM13142,Groceries,384,19,12,3,14.56,6.66,0.87,L77
ITM13143,Pharma,361,20,13,3,36.02,8.7,0.75,L99
ITM13144,Automotive,62,79,10,6,19.81,3.28,0.82,L87
ITM13145,Electronics,230,71,7,2,38.77,4.78,0.95,L42
ITM13146,Pharma,475,56,6,9,8.0,2.67,0.31,L31
ITM13147,Electronics,219,43,11,6,11.04,3.93,0.14,L39
ITM13148,Apparel,317,26,11,5,34.61,0.71,0.36,L19
ITM13149,Pharma,365,63,3,3,28.45,9.56,0.46,L85
ITM13150,Electronics,259,85,4,3,10.99,4.45,0.66,L67
ITM13151,Groceries,134,94,10,5,45.24,7.99,0.82,L29
ITM13152,Groceries,45,49,7,2,14.52,1.86,0.41,L53
ITM13153,Apparel,426,28,9,3,21.63,8.22,0.53,L39
ITM13154,Pharma,318,76,3,8,10.91,8.67,0.81,L36
ITM13155,Pharma,96,91,14,9,20.01,7.3,0.3,L8
ITM13156,Pharma,431,62,12,7,25.09,9.08,0.3,L72
ITM13157,Apparel,156,73,14,7,15.47,2.09,0.63,L76
ITM13158,Pharma,39,92,7,7,38.69,5.03,0.49,L95
ITM13159,Groceries,459,56,13,4,20.3,6.39,0.95,L23
ITM13160,Electronics,230,15,14,8,36.75,6.16,0.42,L81
ITM13161,Groceries,259,25,5,4,11.15,8.68,0.78,L87
ITM13162,Groceries,58,81,12,2,19.47,2.55,0.62,L55
ITM13163,Electronics,454,27,14,5,1.39,2.17,0.15,L72
ITM13164,Groceries,287,61,14,6,38.17,2.91,0.18,L64
ITM13165,Apparel,226,57,4,8,31.67,8.97,0.28,L7
ITM13166,Electronics,498,52,4,9,41.07,9.44,0.23,L45
ITM13167,Groceries,458,48,11,2,23.32,5.91,0.4,L83
ITM13168,Automotive,481,58,6,6,40.19,5.26,0.62,L86
ITM13169,Groceries,286,21,6,2,32.73,6.25,0.64,L49
ITM13170,Apparel,173,19,9,4,1.18,6.35,0.63,L68
ITM13171,Pharma,61,80,12,7,13.43,2.12,0.21,L41
ITM13172,Groceries,430,64,12,5,25.2,7.02,0.64,L90
ITM13173,Pharma,30,10,4,4,31.32,4.8,0.47,L54
ITM13174,Automotive,313,58,5,5,4.21,5.42,0.91,L53
ITM13175,Groceries,117,45,5,8,35.55,0.79,0.92,L20
ITM13176,Electronics,446,30,8,6,27.63,7.76,0.79,L39
ITM13177,Pharma,294,46,5,2,26.76,8.44,0.73,L49
ITM13178,Automotive,467,33,13,3,15.31,6.38,0.2,L24
ITM13179,Electronics,409,64,7,3,30.15,7.61,0.18,L97
ITM13180,Electronics,449,34,6,5,2.35,5.47,0.86,L69
ITM13181,Electronics,391,16,5,7,4.17,6.37,0.48,L61
ITM13182,Electronics,249,90,10,7,36.96,4.25,0.51,L31
ITM13183,Groceries,388,80,12,5,16.77,8.02,0.86,L29
ITM13184,Groceries,445,80,5,4,18.0,4.95,0.66,L39
ITM13185,Groceries,239,33,8,3,11.21,6.96,0.26,L91
ITM13186,Automotive,84,20,9,4,22.84,6.4,0.29,L19
ITM13187,Automotive,374,82,9,6,3.55,7.17,0.11,L60
ITM13188,Automotive,251,21,4,3,15.72,7.96,0.74,L8
ITM13189,Apparel,347,44,5,6,26.83,5.37,0.54,L72
ITM13190,Automotive,462,72,14,2,23.82,8.22,0.95,L53
ITM13191,Groceries,71,77,12,4,49.98,5.22,0.74,L54
ITM13192,Groceries,393,66,12,5,20.05,9.59,0.19,L72
ITM13193,Apparel,450,22,6,3,19.96,7.65,0.25,L68
ITM13194,Apparel,395,32,9,4,25.68,2.13,0.55,L18
ITM13195,Automotive,282,92,4,5,10.32,8.38,0.93,L50
ITM13196,Pharma,286,48,5,2,43.94,5.74,0.32,L32
ITM13197,Apparel,378,97,9,3,29.04,9.85,0.84,L33
ITM13198,Electronics,336,89,9,6,10.41,7.33,0.38,L27
ITM13199,Groceries,343,21,12,2,39.88,1.3,0.34,L43
ITM13200,Electronics,428,43,5,7,2.68,4.25,0.91,L83
ITM13201,Groceries,415,80,14,5,49.15,5.41,0.14,L11
ITM13202,Groceries,173,84,3,9,43.39,8.47,0.69,L58
ITM13203,Apparel,377,40,14,3,29.4,7.43,0.14,L48
